Year,"Country of origin","Country of origin (ISO)","Country of asylum","Country of asylum (ISO)",Authority,"Application type","Stage of procedure","Cases / Persons",applied
2011,"Syrian Arab Rep.",SYR,Algeria,DZA,U,N,FI,P,5
2011,"Syrian Arab Rep.",SYR,Egypt,EGY,U,N,FI,P,92
2011,"Syrian Arab Rep.",SYR,Armenia,ARM,G,N,FI,P,5
2011,"Syrian Arab Rep.",SYR,Australia,AUS,G,N,AR,C,20
2011,"Syrian Arab Rep.",SYR,Australia,AUS,G,N,FI,P,96
2011,"Syrian Arab Rep.",SYR,Austria,AUT,G,NR,FA,P,422
2011,"Syrian Arab Rep.",SYR,Bahrain,BHR,U,N,FI,P,5
2011,"Syrian Arab Rep.",SYR,Belgium,BEL,G,N,FI,P,494
2011,"Syrian Arab Rep.",SYR,Belgium,BEL,G,R,RA,P,168
2011,"Syrian Arab Rep.",SYR,Brazil,BRA,G,N,FI,P,14
2011,"Syrian Arab Rep.",SYR,Bulgaria,BGR,G,N,FA,P,85
2011,"Syrian Arab Rep.",SYR,Canada,CAN,G,N,FI,P,181
2011,"Syrian Arab Rep.",SYR,Cyprus,CYP,G,A,AR,P,97
2011,"Syrian Arab Rep.",SYR,Cyprus,CYP,G,N,FI,P,187
2011,"Syrian Arab Rep.",SYR,Cyprus,CYP,U,NR,FA,P,23
2011,"Syrian Arab Rep.",SYR,Czechia,CZE,G,N,FI,P,23
2011,"Syrian Arab Rep.",SYR,Denmark,DNK,G,N,FI,P,428
2011,"Syrian Arab Rep.",SYR,Ecuador,ECU,G,N,FA,P,5
2011,"Syrian Arab Rep.",SYR,Finland,FIN,G,N,FI,P,109
2011,"Syrian Arab Rep.",SYR,France,FRA,G,N,FI,P,119
2011,"Syrian Arab Rep.",SYR,"United Kingdom of Great Britain and Northern Ireland",GBR,G,A,AR,C,136
2011,"Syrian Arab Rep.",SYR,"United Kingdom of Great Britain and Northern Ireland",GBR,G,N,FI,P,508
2011,"Syrian Arab Rep.",SYR,"United Kingdom of Great Britain and Northern Ireland",GBR,G,R,RA,P,5
2011,"Syrian Arab Rep.",SYR,Germany,DEU,G,N,NA,P,2634
2011,"Syrian Arab Rep.",SYR,Germany,DEU,G,R,RA,P,802
2011,"Syrian Arab Rep.",SYR,Greece,GRC,G,N,FI,P,352
2011,"Syrian Arab Rep.",SYR,Croatia,HRV,G,N,FI,P,10
2011,"Syrian Arab Rep.",SYR,Hungary,HUN,G,R,FI,P,91
2011,"Syrian Arab Rep.",SYR,Indonesia,IDN,U,NR,FA,P,5
2011,"Syrian Arab Rep.",SYR,Ireland,IRL,G,NR,FI,P,11
2011,"Syrian Arab Rep.",SYR,Iraq,IRQ,U,N,FI,P,424
2011,"Syrian Arab Rep.",SYR,Italy,ITA,G,N,FI,P,541
2011,"Syrian Arab Rep.",SYR,Jordan,JOR,U,NR,FA,P,2398
2011,"Syrian Arab Rep.",SYR,Kuwait,KWT,U,N,FI,P,10
2011,"Syrian Arab Rep.",SYR,Lebanon,LBN,U,A,AR,P,48
2011,"Syrian Arab Rep.",SYR,Lebanon,LBN,U,N,FI,P,338
2011,"Syrian Arab Rep.",SYR,Lebanon,LBN,U,R,RA,P,5
2011,"Syrian Arab Rep.",SYR,Luxembourg,LUX,G,N,FI,P,10
2011,"Syrian Arab Rep.",SYR,Latvia,LVA,G,N,FI,P,16
2011,"Syrian Arab Rep.",SYR,"China, Macao SAR",MAC,G,N,FI,P,5
2011,"Syrian Arab Rep.",SYR,"Rep. of Moldova",MDA,G,NR,FA,P,13
2011,"Syrian Arab Rep.",SYR,Malaysia,MYS,U,NR,FI,P,14
2011,"Syrian Arab Rep.",SYR,Morocco,MAR,U,N,FI,P,5
2011,"Syrian Arab Rep.",SYR,Malta,MLT,G,N,FI,P,122
2011,"Syrian Arab Rep.",SYR,Netherlands,NLD,G,N,FI,P,168
2011,"Syrian Arab Rep.",SYR,Netherlands,NLD,G,R,RA,P,30
2011,"Syrian Arab Rep.",SYR,Norway,NOR,G,N,AR,P,158
2011,"Syrian Arab Rep.",SYR,Norway,NOR,G,N,FI,P,198
2011,"Syrian Arab Rep.",SYR,Oman,OMN,U,N,FI,P,5
2011,"Syrian Arab Rep.",SYR,Poland,POL,G,N,FI,P,11
2011,"Syrian Arab Rep.",SYR,Romania,ROU,G,R,FA,P,44
2011,"Syrian Arab Rep.",SYR,"Russian Federation",RUS,G,N,FI,P,31
2011,"Syrian Arab Rep.",SYR,"Russian Federation",RUS,G,R,TA,P,13
2011,"Syrian Arab Rep.",SYR,"Saudi Arabia",SAU,U,N,FI,P,5
2011,"Syrian Arab Rep.",SYR,Spain,ESP,G,N,FI,P,97
2011,"Syrian Arab Rep.",SYR,"Serbia and Kosovo: S/RES/1244 (1999)",SRB,G,N,FI,P,33
2011,"Syrian Arab Rep.",SYR,Slovakia,SVK,G,NR,FI,C,10
2011,"Syrian Arab Rep.",SYR,Slovenia,SVN,G,R,FI,P,11
2011,"Syrian Arab Rep.",SYR,Sweden,SWE,G,N,AR,P,350
2011,"Syrian Arab Rep.",SYR,Sweden,SWE,G,N,FI,P,640
2011,"Syrian Arab Rep.",SYR,Switzerland,CHE,G,N,FI,P,688
2011,"Syrian Arab Rep.",SYR,Thailand,THA,U,N,FI,P,10
2011,"Syrian Arab Rep.",SYR,Tunisia,TUN,U,NA,FA,P,5
2011,"Syrian Arab Rep.",SYR,Turkey,TUR,U,A,AR,P,13
2011,"Syrian Arab Rep.",SYR,Turkey,TUR,U,N,FI,P,188
2011,"Syrian Arab Rep.",SYR,Turkey,TUR,U,R,RA,P,5
2011,"Syrian Arab Rep.",SYR,"United Arab Emirates",ARE,U,A,FA,P,11
2011,"Syrian Arab Rep.",SYR,Ukraine,UKR,G,N,FA,P,55
2011,"Syrian Arab Rep.",SYR,Ukraine,UKR,G,A,JR,C,67
2011,"Syrian Arab Rep.",SYR,Ukraine,UKR,U,N,FI,P,5
2011,"Syrian Arab Rep.",SYR,"United States of America",USA,G,A,EO,P,57
2011,"Syrian Arab Rep.",SYR,"United States of America",USA,G,N,IN,C,206
2011,"Syrian Arab Rep.",SYR,Yemen,YEM,U,NR,FA,P,17
2012,"Syrian Arab Rep.",SYR,Albania,ALB,G,NA,FA,P,5
2012,"Syrian Arab Rep.",SYR,Algeria,DZA,U,N,FI,P,237
2012,"Syrian Arab Rep.",SYR,Argentina,ARG,G,N,FI,P,50
2012,"Syrian Arab Rep.",SYR,Armenia,ARM,G,N,FI,P,496
2012,"Syrian Arab Rep.",SYR,Australia,AUS,G,A,AR,C,10
2012,"Syrian Arab Rep.",SYR,Australia,AUS,G,N,FI,P,141
2012,"Syrian Arab Rep.",SYR,Austria,AUT,G,NA,FA,P,915
2012,"Syrian Arab Rep.",SYR,Azerbaijan,AZE,G,N,FI,P,5
2012,"Syrian Arab Rep.",SYR,Azerbaijan,AZE,U,N,FI,P,5
2012,"Syrian Arab Rep.",SYR,Belgium,BEL,G,N,FI,P,798
2012,"Syrian Arab Rep.",SYR,Belgium,BEL,G,R,RA,P,206
2012,"Syrian Arab Rep.",SYR,Belarus,BLR,G,N,FI,P,14
2012,"Syrian Arab Rep.",SYR,Brazil,BRA,G,N,FI,P,81
2012,"Syrian Arab Rep.",SYR,"Bosnia and Herzegovina",BIH,G,NR,FA,P,35
2012,"Syrian Arab Rep.",SYR,Bulgaria,BGR,G,NR,FA,P,436
2012,"Syrian Arab Rep.",SYR,Bulgaria,BGR,G,R,RA,P,13
2012,"Syrian Arab Rep.",SYR,Canada,CAN,G,N,FI,P,350
2012,"Syrian Arab Rep.",SYR,Chile,CHL,G,N,FI,P,5
2012,"Syrian Arab Rep.",SYR,Cameroon,CMR,U,NR,FA,P,5
2012,"Syrian Arab Rep.",SYR,Colombia,COL,G,N,FI,P,5
2012,"Syrian Arab Rep.",SYR,"Costa Rica",CRI,G,N,FI,P,5
2012,"Syrian Arab Rep.",SYR,Cuba,CUB,U,N,FA,P,63
2012,"Syrian Arab Rep.",SYR,Cyprus,CYP,G,A,AR,P,99
2012,"Syrian Arab Rep.",SYR,Cyprus,CYP,G,N,FI,P,564
2012,"Syrian Arab Rep.",SYR,Cyprus,CYP,U,NR,FA,P,49
2012,"Syrian Arab Rep.",SYR,Czechia,CZE,G,N,FI,P,68
2012,"Syrian Arab Rep.",SYR,Denmark,DNK,G,N,AR,P,97
2012,"Syrian Arab Rep.",SYR,Denmark,DNK,G,N,FI,P,907
2012,"Syrian Arab Rep.",SYR,Ecuador,ECU,G,N,FA,P,5
2012,"Syrian Arab Rep.",SYR,Estonia,EST,G,N,FI,P,5
2012,"Syrian Arab Rep.",SYR,Finland,FIN,G,N,FI,P,180
2012,"Syrian Arab Rep.",SYR,France,FRA,G,A,AR,P,30
2012,"Syrian Arab Rep.",SYR,France,FRA,G,N,FI,P,629
2012,"Syrian Arab Rep.",SYR,France,FRA,G,R,RA,P,10
2012,"Syrian Arab Rep.",SYR,"United Kingdom of Great Britain and Northern Ireland",GBR,G,A,AR,C,168
2012,"Syrian Arab Rep.",SYR,"United Kingdom of Great Britain and Northern Ireland",GBR,G,N,FI,P,1289
2012,"Syrian Arab Rep.",SYR,"United Kingdom of Great Britain and Northern Ireland",GBR,G,R,RA,P,16
2012,"Syrian Arab Rep.",SYR,Georgia,GEO,G,NA,FA,P,18
2012,"Syrian Arab Rep.",SYR,Germany,DEU,G,N,NA,P,6201
2012,"Syrian Arab Rep.",SYR,Germany,DEU,G,R,RA,P,1729
2012,"Syrian Arab Rep.",SYR,Greece,GRC,G,N,FI,P,275
2012,"Syrian Arab Rep.",SYR,Croatia,HRV,G,N,FI,P,86
2012,"Syrian Arab Rep.",SYR,Hungary,HUN,G,R,FI,P,145
2012,"Syrian Arab Rep.",SYR,Iceland,ISL,G,N,FI,P,5
2012,"Syrian Arab Rep.",SYR,India,IND,U,N,FI,P,15
2012,"Syrian Arab Rep.",SYR,Indonesia,IDN,U,N,FA,P,49
2012,"Syrian Arab Rep.",SYR,Ireland,IRL,G,A,AR,P,5
2012,"Syrian Arab Rep.",SYR,Ireland,IRL,G,NR,FI,P,16
2012,"Syrian Arab Rep.",SYR,Italy,ITA,G,N,FI,P,354
2012,"Syrian Arab Rep.",SYR,Japan,JPN,G,NR,FI,P,26
2012,"Syrian Arab Rep.",SYR,Kazakhstan,KAZ,G,N,FI,P,11
2012,"Syrian Arab Rep.",SYR,Kazakhstan,KAZ,U,N,FI,P,5
2012,"Syrian Arab Rep.",SYR,Kyrgyzstan,KGZ,G,N,FI,P,29
2012,"Syrian Arab Rep.",SYR,"Rep. of Korea",KOR,G,NR,FA,P,146
2012,"Syrian Arab Rep.",SYR,Libya,LBY,U,N,FI,P,3798
2012,"Syrian Arab Rep.",SYR,Lebanon,LBN,U,A,AR,P,5
2012,"Syrian Arab Rep.",SYR,Lebanon,LBN,U,N,FI,P,138
2012,"Syrian Arab Rep.",SYR,Lebanon,LBN,U,R,RA,P,5
2012,"Syrian Arab Rep.",SYR,Lithuania,LTU,G,N,FI,P,5
2012,"Syrian Arab Rep.",SYR,Luxembourg,LUX,G,N,FI,P,14
2012,"Syrian Arab Rep.",SYR,Latvia,LVA,G,N,FI,P,18
2012,"Syrian Arab Rep.",SYR,"North Macedonia",MKD,G,N,FA,P,5
2012,"Syrian Arab Rep.",SYR,"Rep. of Moldova",MDA,G,NR,FI,P,73
2012,"Syrian Arab Rep.",SYR,Malaysia,MYS,U,NR,FI,P,76
2012,"Syrian Arab Rep.",SYR,Montenegro,MNE,G,NR,FA,P,44
2012,"Syrian Arab Rep.",SYR,Morocco,MAR,U,N,FI,P,839
2012,"Syrian Arab Rep.",SYR,Malta,MLT,G,NR,FI,P,147
2012,"Syrian Arab Rep.",SYR,Netherlands,NLD,G,N,FI,P,454
2012,"Syrian Arab Rep.",SYR,Netherlands,NLD,G,R,RA,P,121
2012,"Syrian Arab Rep.",SYR,Niger,NER,G,N,FI,P,5
2012,"Syrian Arab Rep.",SYR,Norway,NOR,G,N,AR,P,127
2012,"Syrian Arab Rep.",SYR,Norway,NOR,G,N,FI,P,327
2012,"Syrian Arab Rep.",SYR,"New Zealand",NZL,G,A,AR,P,5
2012,"Syrian Arab Rep.",SYR,"New Zealand",NZL,G,N,FI,P,13
2012,"Syrian Arab Rep.",SYR,Philippines,PHL,G,NA,FI,P,5
2012,"Syrian Arab Rep.",SYR,Poland,POL,G,N,FI,P,107
2012,"Syrian Arab Rep.",SYR,Portugal,PRT,G,N,FI,P,22
2012,"Syrian Arab Rep.",SYR,Romania,ROU,G,R,FA,P,268
2012,"Syrian Arab Rep.",SYR,"South Africa",ZAF,G,N,FI,P,10
2012,"Syrian Arab Rep.",SYR,"Russian Federation",RUS,G,N,FI,P,197
2012,"Syrian Arab Rep.",SYR,"Russian Federation",RUS,G,N,TA,P,114
2012,"Syrian Arab Rep.",SYR,Spain,ESP,G,NR,FI,P,255
2012,"Syrian Arab Rep.",SYR,"Serbia and Kosovo: S/RES/1244 (1999)",SRB,G,N,FI,P,287
2012,"Syrian Arab Rep.",SYR,Sudan,SDN,U,NR,FI,P,32
2012,"Syrian Arab Rep.",SYR,Slovakia,SVK,G,NR,FI,P,5
2012,"Syrian Arab Rep.",SYR,Slovenia,SVN,G,NR,FI,P,33
2012,"Syrian Arab Rep.",SYR,Sweden,SWE,G,N,FI,P,7814
2012,"Syrian Arab Rep.",SYR,Switzerland,CHE,G,A,AR,P,192
2012,"Syrian Arab Rep.",SYR,Switzerland,CHE,G,N,FI,P,1146
2012,"Syrian Arab Rep.",SYR,Thailand,THA,U,N,FI,P,89
2012,"Syrian Arab Rep.",SYR,Togo,TGO,G,N,FI,P,10
2012,"Syrian Arab Rep.",SYR,Tunisia,TUN,U,N,FI,P,30
2012,"Syrian Arab Rep.",SYR,Turkey,TUR,U,N,FI,P,24
2012,"Syrian Arab Rep.",SYR,Turkey,TUR,U,R,RA,P,16
2012,"Syrian Arab Rep.",SYR,"United Arab Emirates",ARE,U,A,FA,P,12
2012,"Syrian Arab Rep.",SYR,Ukraine,UKR,G,A,AR,P,111
2012,"Syrian Arab Rep.",SYR,Ukraine,UKR,G,N,FI,P,309
2012,"Syrian Arab Rep.",SYR,Ukraine,UKR,U,N,FA,P,5
2012,"Syrian Arab Rep.",SYR,"United States of America",USA,G,A,EO,P,57
2012,"Syrian Arab Rep.",SYR,"United States of America",USA,G,N,IN,C,647
2012,"Syrian Arab Rep.",SYR,Yemen,YEM,U,NR,FA,P,111
2013,"Syrian Arab Rep.",SYR,Albania,ALB,G,N,FI,P,24
2013,"Syrian Arab Rep.",SYR,Algeria,DZA,U,N,FI,P,891
2013,"Syrian Arab Rep.",SYR,Argentina,ARG,G,N,FI,P,122
2013,"Syrian Arab Rep.",SYR,Armenia,ARM,G,N,FI,P,285
2013,"Syrian Arab Rep.",SYR,Australia,AUS,G,N,FI,P,139
2013,"Syrian Arab Rep.",SYR,Austria,AUT,G,NR,FA,P,1991
2013,"Syrian Arab Rep.",SYR,Azerbaijan,AZE,G,N,FI,P,5
2013,"Syrian Arab Rep.",SYR,Belgium,BEL,G,N,FI,P,944
2013,"Syrian Arab Rep.",SYR,Belgium,BEL,G,R,RA,P,146
2013,"Syrian Arab Rep.",SYR,Belarus,BLR,G,N,FI,P,63
2013,"Syrian Arab Rep.",SYR,"Bolivia (Plurinational State of)",BOL,G,N,FI,P,5
2013,"Syrian Arab Rep.",SYR,Brazil,BRA,G,N,FI,P,297
2013,"Syrian Arab Rep.",SYR,"Bosnia and Herzegovina",BIH,G,N,FI,P,59
2013,"Syrian Arab Rep.",SYR,Bulgaria,BGR,G,N,FI,P,4452
2013,"Syrian Arab Rep.",SYR,Bulgaria,BGR,G,R,RA,P,64
2013,"Syrian Arab Rep.",SYR,Belize,BLZ,G,N,FI,P,5
2013,"Syrian Arab Rep.",SYR,Canada,CAN,G,N,FI,P,517
2013,"Syrian Arab Rep.",SYR,Chad,TCD,G,N,FA,P,13
2013,"Syrian Arab Rep.",SYR,Chile,CHL,G,N,FI,P,5
2013,"Syrian Arab Rep.",SYR,Cameroon,CMR,U,N,FI,P,5
2013,"Syrian Arab Rep.",SYR,Colombia,COL,G,N,FI,P,10
2013,"Syrian Arab Rep.",SYR,"Costa Rica",CRI,G,N,FI,P,5
2013,"Syrian Arab Rep.",SYR,Cuba,CUB,U,N,FA,P,22
2013,"Syrian Arab Rep.",SYR,Cyprus,CYP,G,R,AR,P,247
2013,"Syrian Arab Rep.",SYR,Cyprus,CYP,G,NR,FI,P,562
2013,"Syrian Arab Rep.",SYR,Cyprus,CYP,U,N,FI,P,22
2013,"Syrian Arab Rep.",SYR,Czechia,CZE,G,N,FI,P,67
2013,"Syrian Arab Rep.",SYR,Denmark,DNK,G,A,AR,P,125
2013,"Syrian Arab Rep.",SYR,Denmark,DNK,G,N,FI,P,1710
2013,"Syrian Arab Rep.",SYR,Ecuador,ECU,G,NA,FA,P,10
2013,"Syrian Arab Rep.",SYR,Estonia,EST,G,N,FI,P,17
2013,"Syrian Arab Rep.",SYR,Finland,FIN,G,N,FI,P,148
2013,"Syrian Arab Rep.",SYR,France,FRA,G,A,AR,P,80
2013,"Syrian Arab Rep.",SYR,France,FRA,G,N,FI,P,1303
2013,"Syrian Arab Rep.",SYR,France,FRA,G,R,RA,P,11
2013,"Syrian Arab Rep.",SYR,"United Kingdom of Great Britain and Northern Ireland",GBR,G,A,AR,C,104
2013,"Syrian Arab Rep.",SYR,"United Kingdom of Great Britain and Northern Ireland",GBR,G,N,FI,P,2020
2013,"Syrian Arab Rep.",SYR,"United Kingdom of Great Britain and Northern Ireland",GBR,G,R,RA,P,10
2013,"Syrian Arab Rep.",SYR,Georgia,GEO,G,NA,FA,P,60
2013,"Syrian Arab Rep.",SYR,Germany,DEU,G,N,NA,P,11851
2013,"Syrian Arab Rep.",SYR,Germany,DEU,G,R,RA,P,1012
2013,"Syrian Arab Rep.",SYR,Ghana,GHA,G,N,FI,P,54
2013,"Syrian Arab Rep.",SYR,Greece,GRC,G,A,AR,P,41
2013,"Syrian Arab Rep.",SYR,Greece,GRC,G,N,FI,P,482
2013,"Syrian Arab Rep.",SYR,"China, Hong Kong SAR",HKG,U,N,FI,P,5
2013,"Syrian Arab Rep.",SYR,Croatia,HRV,G,N,FI,P,194
2013,"Syrian Arab Rep.",SYR,Hungary,HUN,G,N,FI,P,934
2013,"Syrian Arab Rep.",SYR,Hungary,HUN,G,R,RA,P,43
2013,"Syrian Arab Rep.",SYR,Iceland,ISL,G,N,FI,P,5
2013,"Syrian Arab Rep.",SYR,"Cote d'Ivoire",CIV,J,NR,FI,P,14
2013,"Syrian Arab Rep.",SYR,India,IND,U,N,FI,P,24
2013,"Syrian Arab Rep.",SYR,Indonesia,IDN,U,N,FI,P,37
2013,"Syrian Arab Rep.",SYR,Ireland,IRL,G,A,AR,P,5
2013,"Syrian Arab Rep.",SYR,Ireland,IRL,G,NR,FI,P,38
2013,"Syrian Arab Rep.",SYR,Italy,ITA,G,N,FI,P,634
2013,"Syrian Arab Rep.",SYR,Jordan,JOR,U,NR,FA,P,800
2013,"Syrian Arab Rep.",SYR,Kazakhstan,KAZ,G,N,FI,P,27
2013,"Syrian Arab Rep.",SYR,Kyrgyzstan,KGZ,G,N,FI,P,79
2013,"Syrian Arab Rep.",SYR,"Rep. of Korea",KOR,G,NR,FA,P,295
2013,"Syrian Arab Rep.",SYR,Liberia,LBR,J,NA,FA,P,10
2013,"Syrian Arab Rep.",SYR,Lebanon,LBN,U,N,FI,P,547
2013,"Syrian Arab Rep.",SYR,"Sri Lanka",LKA,U,N,FI,P,5
2013,"Syrian Arab Rep.",SYR,Lithuania,LTU,G,N,FI,P,11
2013,"Syrian Arab Rep.",SYR,Luxembourg,LUX,G,N,FI,P,24
2013,"Syrian Arab Rep.",SYR,Latvia,LVA,G,N,FI,P,15
2013,"Syrian Arab Rep.",SYR,Mauritania,MRT,U,N,FI,P,46
2013,"Syrian Arab Rep.",SYR,"North Macedonia",MKD,G,N,FA,P,370
2013,"Syrian Arab Rep.",SYR,"Rep. of Moldova",MDA,G,NR,FI,P,85
2013,"Syrian Arab Rep.",SYR,Mexico,MEX,G,N,FI,P,11
2013,"Syrian Arab Rep.",SYR,Malaysia,MYS,U,N,FI,P,754
2013,"Syrian Arab Rep.",SYR,Montenegro,MNE,G,NR,FA,P,285
2013,"Syrian Arab Rep.",SYR,Mongolia,MNG,U,N,FI,P,5
2013,"Syrian Arab Rep.",SYR,Morocco,MAR,U,N,FI,P,16
2013,"Syrian Arab Rep.",SYR,Malta,MLT,G,NR,FI,P,247
2013,"Syrian Arab Rep.",SYR,Netherlands,NLD,G,N,FI,P,2673
2013,"Syrian Arab Rep.",SYR,Netherlands,NLD,G,N,RA,P,33
2013,"Syrian Arab Rep.",SYR,Nigeria,NGA,G,NR,FI,P,19
2013,"Syrian Arab Rep.",SYR,Norway,NOR,G,A,AR,P,125
2013,"Syrian Arab Rep.",SYR,Norway,NOR,G,N,FI,P,841
2013,"Syrian Arab Rep.",SYR,Norway,NOR,G,R,RA,P,15
2013,"Syrian Arab Rep.",SYR,"New Zealand",NZL,G,N,FI,P,10
2013,"Syrian Arab Rep.",SYR,Peru,PER,G,N,FI,P,5
2013,"Syrian Arab Rep.",SYR,Philippines,PHL,G,N,FI,P,26
2013,"Syrian Arab Rep.",SYR,Poland,POL,G,N,FI,P,248
2013,"Syrian Arab Rep.",SYR,Portugal,PRT,G,N,FI,P,146
2013,"Syrian Arab Rep.",SYR,Romania,ROU,G,N,FI,P,1014
2013,"Syrian Arab Rep.",SYR,Romania,ROU,G,R,RA,P,41
2013,"Syrian Arab Rep.",SYR,"South Africa",ZAF,G,N,FI,P,11
2013,"Syrian Arab Rep.",SYR,"Russian Federation",RUS,G,N,FI,P,1073
2013,"Syrian Arab Rep.",SYR,"Russian Federation",RUS,G,N,TA,P,1776
2013,"Syrian Arab Rep.",SYR,"Saudi Arabia",SAU,U,N,FI,P,5
2013,"Syrian Arab Rep.",SYR,Senegal,SEN,G,N,FI,P,5
2013,"Syrian Arab Rep.",SYR,Somalia,SOM,U,NA,FI,P,10
2013,"Syrian Arab Rep.",SYR,Spain,ESP,G,NR,FI,P,725
2013,"Syrian Arab Rep.",SYR,"Serbia and Kosovo: S/RES/1244 (1999)",SRB,G,N,FI,P,1362
2013,"Syrian Arab Rep.",SYR,Sudan,SDN,U,NR,FI,P,192
2013,"Syrian Arab Rep.",SYR,Slovakia,SVK,G,N,FI,P,13
2013,"Syrian Arab Rep.",SYR,Slovakia,SVK,G,R,RA,P,5
2013,"Syrian Arab Rep.",SYR,Slovenia,SVN,G,N,FI,P,56
2013,"Syrian Arab Rep.",SYR,Sweden,SWE,G,A,AR,P,1912
2013,"Syrian Arab Rep.",SYR,Sweden,SWE,G,N,FI,P,16317
2013,"Syrian Arab Rep.",SYR,Switzerland,CHE,G,A,AR,P,361
2013,"Syrian Arab Rep.",SYR,Switzerland,CHE,G,N,FI,P,1852
2013,"Syrian Arab Rep.",SYR,Switzerland,CHE,G,R,RA,P,49
2013,"Syrian Arab Rep.",SYR,"United Rep. of Tanzania",TZA,G,N,FI,P,5
2013,"Syrian Arab Rep.",SYR,Thailand,THA,U,N,FI,P,155
2013,"Syrian Arab Rep.",SYR,Turkey,TUR,U,A,AR,P,15
2013,"Syrian Arab Rep.",SYR,Turkey,TUR,U,N,FI,P,108
2013,"Syrian Arab Rep.",SYR,Uganda,UGA,G,NR,FA,P,5
2013,"Syrian Arab Rep.",SYR,Ukraine,UKR,G,A,AR,P,101
2013,"Syrian Arab Rep.",SYR,Ukraine,UKR,G,N,FI,P,367
2013,"Syrian Arab Rep.",SYR,Ukraine,UKR,U,N,FA,P,5
2013,"Syrian Arab Rep.",SYR,"United States of America",USA,G,N,EO,P,115
2013,"Syrian Arab Rep.",SYR,"United States of America",USA,G,N,IN,C,1468
2013,"Syrian Arab Rep.",SYR,Yemen,YEM,U,NR,FI,P,1726
2013,"Syrian Arab Rep.",SYR,Zambia,ZMB,G,NR,FI,P,5
2014,"Syrian Arab Rep.",SYR,Albania,ALB,G,N,FI,P,92
2014,"Syrian Arab Rep.",SYR,Algeria,DZA,U,N,FI,P,3186
2014,"Syrian Arab Rep.",SYR,Algeria,DZA,U,R,RA,P,10
2014,"Syrian Arab Rep.",SYR,Argentina,ARG,G,N,FI,P,91
2014,"Syrian Arab Rep.",SYR,Armenia,ARM,G,N,FI,P,50
2014,"Syrian Arab Rep.",SYR,Australia,AUS,G,A,AR,C,5
2014,"Syrian Arab Rep.",SYR,Australia,AUS,G,N,FI,P,77
2014,"Syrian Arab Rep.",SYR,Austria,AUT,G,N,FA,P,7730
2014,"Syrian Arab Rep.",SYR,Azerbaijan,AZE,U,N,FI,P,10
2014,"Syrian Arab Rep.",SYR,Belgium,BEL,G,N,FI,P,2524
2014,"Syrian Arab Rep.",SYR,Belgium,BEL,G,A,JR,C,28
2014,"Syrian Arab Rep.",SYR,Belgium,BEL,G,R,RA,P,81
2014,"Syrian Arab Rep.",SYR,Belarus,BLR,G,N,FI,P,95
2014,"Syrian Arab Rep.",SYR,Brazil,BRA,G,N,FI,P,1362
2014,"Syrian Arab Rep.",SYR,"Bosnia and Herzegovina",BIH,G,N,FI,P,5
2014,"Syrian Arab Rep.",SYR,Bulgaria,BGR,G,N,FI,P,6254
2014,"Syrian Arab Rep.",SYR,Bulgaria,BGR,G,R,RA,P,45
2014,"Syrian Arab Rep.",SYR,Canada,CAN,G,N,FI,P,538
2014,"Syrian Arab Rep.",SYR,"Central African Rep.",CAF,G,N,FI,P,10
2014,"Syrian Arab Rep.",SYR,China,CHN,U,N,FI,P,10
2014,"Syrian Arab Rep.",SYR,Chile,CHL,G,N,FI,P,5
2014,"Syrian Arab Rep.",SYR,Cameroon,CMR,U,N,FI,P,5
2014,"Syrian Arab Rep.",SYR,Colombia,COL,G,N,FI,P,10
2014,"Syrian Arab Rep.",SYR,"Costa Rica",CRI,G,N,FI,P,5
2014,"Syrian Arab Rep.",SYR,Cuba,CUB,U,N,FA,P,5
2014,"Syrian Arab Rep.",SYR,Cyprus,CYP,G,A,AR,P,96
2014,"Syrian Arab Rep.",SYR,Cyprus,CYP,G,N,FI,P,828
2014,"Syrian Arab Rep.",SYR,Cyprus,CYP,G,R,RA,P,360
2014,"Syrian Arab Rep.",SYR,Cyprus,CYP,U,N,FI,P,10
2014,"Syrian Arab Rep.",SYR,Czechia,CZE,G,N,FI,P,107
2014,"Syrian Arab Rep.",SYR,Denmark,DNK,G,A,AR,P,137
2014,"Syrian Arab Rep.",SYR,Denmark,DNK,G,N,FI,P,7085
2014,"Syrian Arab Rep.",SYR,Denmark,DNK,G,R,RA,P,5
2014,"Syrian Arab Rep.",SYR,Djibouti,DJI,G,N,FI,P,5
2014,"Syrian Arab Rep.",SYR,"Dominican Rep.",DOM,G,N,FI,P,5
2014,"Syrian Arab Rep.",SYR,Estonia,EST,G,N,FI,P,5
2014,"Syrian Arab Rep.",SYR,Ethiopia,ETH,J,N,FI,P,10
2014,"Syrian Arab Rep.",SYR,Finland,FIN,G,N,FI,P,146
2014,"Syrian Arab Rep.",SYR,Finland,FIN,G,R,RA,P,5
2014,"Syrian Arab Rep.",SYR,France,FRA,G,A,AR,P,143
2014,"Syrian Arab Rep.",SYR,France,FRA,G,N,FI,P,3142
2014,"Syrian Arab Rep.",SYR,France,FRA,G,R,RA,P,12
2014,"Syrian Arab Rep.",SYR,"United Kingdom of Great Britain and Northern Ireland",GBR,G,A,AR,C,91
2014,"Syrian Arab Rep.",SYR,"United Kingdom of Great Britain and Northern Ireland",GBR,G,N,FI,P,2406
2014,"Syrian Arab Rep.",SYR,"United Kingdom of Great Britain and Northern Ireland",GBR,G,R,RA,P,5
2014,"Syrian Arab Rep.",SYR,Georgia,GEO,G,N,FI,P,80
2014,"Syrian Arab Rep.",SYR,Georgia,GEO,G,J,JR,P,10
2014,"Syrian Arab Rep.",SYR,Germany,DEU,G,N,NA,P,39332
2014,"Syrian Arab Rep.",SYR,Germany,DEU,G,R,RA,P,1768
2014,"Syrian Arab Rep.",SYR,Ghana,GHA,G,N,FI,P,22
2014,"Syrian Arab Rep.",SYR,Greece,GRC,G,A,AR,P,153
2014,"Syrian Arab Rep.",SYR,Greece,GRC,G,N,FI,P,781
2014,"Syrian Arab Rep.",SYR,Croatia,HRV,G,N,FI,P,54
2014,"Syrian Arab Rep.",SYR,Croatia,HRV,G,J,JR,P,5
2014,"Syrian Arab Rep.",SYR,Hungary,HUN,G,N,FI,P,6719
2014,"Syrian Arab Rep.",SYR,Hungary,HUN,G,R,RA,P,138
2014,"Syrian Arab Rep.",SYR,Iceland,ISL,G,N,FI,P,5
2014,"Syrian Arab Rep.",SYR,"Cote d'Ivoire",CIV,J,N,FA,P,5
2014,"Syrian Arab Rep.",SYR,India,IND,U,N,FI,P,28
2014,"Syrian Arab Rep.",SYR,Indonesia,IDN,U,N,FI,P,24
2014,"Syrian Arab Rep.",SYR,Ireland,IRL,G,A,AR,P,5
2014,"Syrian Arab Rep.",SYR,Ireland,IRL,G,N,FI,P,25
2014,"Syrian Arab Rep.",SYR,Iraq,IRQ,U,N,FI,P,99
2014,"Syrian Arab Rep.",SYR,Italy,ITA,G,N,FI,P,504
2014,"Syrian Arab Rep.",SYR,Italy,ITA,G,R,RA,P,5
2014,"Syrian Arab Rep.",SYR,Jordan,JOR,U,N,FI,P,6066
2014,"Syrian Arab Rep.",SYR,Japan,JPN,G,N,FI,P,10
2014,"Syrian Arab Rep.",SYR,Kazakhstan,KAZ,G,A,AR,P,24
2014,"Syrian Arab Rep.",SYR,Kazakhstan,KAZ,G,N,FI,P,27
2014,"Syrian Arab Rep.",SYR,Kazakhstan,KAZ,U,N,FI,P,5
2014,"Syrian Arab Rep.",SYR,Kenya,KEN,U,N,FI,P,12
2014,"Syrian Arab Rep.",SYR,Kyrgyzstan,KGZ,G,N,FI,P,19
2014,"Syrian Arab Rep.",SYR,"Rep. of Korea",KOR,G,N,FA,P,204
2014,"Syrian Arab Rep.",SYR,Lebanon,LBN,U,N,FI,P,6825
2014,"Syrian Arab Rep.",SYR,Liechtenstein,LIE,G,N,FI,P,5
2014,"Syrian Arab Rep.",SYR,"Sri Lanka",LKA,U,N,FI,P,10
2014,"Syrian Arab Rep.",SYR,Lithuania,LTU,G,N,FI,P,10
2014,"Syrian Arab Rep.",SYR,Luxembourg,LUX,G,A,AR,P,5
2014,"Syrian Arab Rep.",SYR,Luxembourg,LUX,G,N,FI,P,92
2014,"Syrian Arab Rep.",SYR,Latvia,LVA,G,N,FI,P,34
2014,"Syrian Arab Rep.",SYR,Mauritania,MRT,U,N,FA,P,58
2014,"Syrian Arab Rep.",SYR,"North Macedonia",MKD,G,N,FA,P,774
2014,"Syrian Arab Rep.",SYR,"Rep. of Moldova",MDA,G,N,FI,P,61
2014,"Syrian Arab Rep.",SYR,Mexico,MEX,G,N,FI,P,5
2014,"Syrian Arab Rep.",SYR,Mali,MLI,G,N,FI,P,17
2014,"Syrian Arab Rep.",SYR,Malaysia,MYS,U,A,AR,P,10
2014,"Syrian Arab Rep.",SYR,Malaysia,MYS,U,N,FI,P,248
2014,"Syrian Arab Rep.",SYR,Montenegro,MNE,G,N,FA,P,1649
2014,"Syrian Arab Rep.",SYR,Malta,MLT,G,A,AR,P,22
2014,"Syrian Arab Rep.",SYR,Malta,MLT,G,N,FI,P,305
2014,"Syrian Arab Rep.",SYR,Netherlands,NLD,G,N,FI,P,8748
2014,"Syrian Arab Rep.",SYR,Netherlands,NLD,G,R,RA,P,41
2014,"Syrian Arab Rep.",SYR,Nigeria,NGA,G,N,FI,P,12
2014,"Syrian Arab Rep.",SYR,Norway,NOR,G,A,AR,P,228
2014,"Syrian Arab Rep.",SYR,Norway,NOR,G,N,FI,P,1980
2014,"Syrian Arab Rep.",SYR,Norway,NOR,G,R,RA,P,19
2014,"Syrian Arab Rep.",SYR,Nauru,NRU,G,N,FI,P,5
2014,"Syrian Arab Rep.",SYR,"New Zealand",NZL,G,N,FI,P,12
2014,"Syrian Arab Rep.",SYR,Pakistan,PAK,U,N,FI,P,5
2014,"Syrian Arab Rep.",SYR,Paraguay,PRY,G,N,FI,P,16
2014,"Syrian Arab Rep.",SYR,Peru,PER,G,N,FI,P,19
2014,"Syrian Arab Rep.",SYR,Philippines,PHL,G,N,FI,P,27
2014,"Syrian Arab Rep.",SYR,"Papua New Guinea",PNG,G,N,FI,P,5
2014,"Syrian Arab Rep.",SYR,Poland,POL,G,N,FI,P,100
2014,"Syrian Arab Rep.",SYR,Portugal,PRT,G,N,FI,P,18
2014,"Syrian Arab Rep.",SYR,Qatar,QAT,U,N,FI,P,5
2014,"Syrian Arab Rep.",SYR,Romania,ROU,G,N,FI,P,614
2014,"Syrian Arab Rep.",SYR,Romania,ROU,G,R,RA,P,12
2014,"Syrian Arab Rep.",SYR,"South Africa",ZAF,G,N,FI,P,40
2014,"Syrian Arab Rep.",SYR,"Russian Federation",RUS,G,N,FI,P,473
2014,"Syrian Arab Rep.",SYR,"Russian Federation",RUS,G,N,TA,P,1435
2014,"Syrian Arab Rep.",SYR,"Saudi Arabia",SAU,U,N,FI,P,5
2014,"Syrian Arab Rep.",SYR,Senegal,SEN,G,N,FA,C,19
2014,"Syrian Arab Rep.",SYR,Somalia,SOM,U,N,FI,P,55
2014,"Syrian Arab Rep.",SYR,Spain,ESP,G,N,FI,P,1679
2014,"Syrian Arab Rep.",SYR,"Serbia and Kosovo: S/RES/1244 (1999)",SRB,G,N,FI,P,9784
2014,"Syrian Arab Rep.",SYR,Sudan,SDN,G,N,FI,P,73
2014,"Syrian Arab Rep.",SYR,Slovakia,SVK,G,N,FI,P,34
2014,"Syrian Arab Rep.",SYR,Slovakia,SVK,G,R,RA,P,5
2014,"Syrian Arab Rep.",SYR,Slovenia,SVN,G,N,FI,P,88
2014,"Syrian Arab Rep.",SYR,Slovenia,SVN,G,R,RA,P,5
2014,"Syrian Arab Rep.",SYR,Sweden,SWE,G,A,AR,P,773
2014,"Syrian Arab Rep.",SYR,Sweden,SWE,G,N,FI,P,30313
2014,"Syrian Arab Rep.",SYR,Sweden,SWE,G,R,RA,P,439
2014,"Syrian Arab Rep.",SYR,Switzerland,CHE,G,N,FI,P,3768
2014,"Syrian Arab Rep.",SYR,Switzerland,CHE,G,R,RA,P,51
2014,"Syrian Arab Rep.",SYR,Thailand,THA,U,N,FI,P,157
2014,"Syrian Arab Rep.",SYR,Togo,TGO,G,N,FI,P,5
2014,"Syrian Arab Rep.",SYR,"Trinidad and Tobago",TTO,U,A,AR,P,5
2014,"Syrian Arab Rep.",SYR,"Trinidad and Tobago",TTO,U,N,FI,P,16
2014,"Syrian Arab Rep.",SYR,Turkey,TUR,U,A,AR,P,5
2014,"Syrian Arab Rep.",SYR,Turkey,TUR,U,N,FI,P,8366
2014,"Syrian Arab Rep.",SYR,"United Arab Emirates",ARE,U,A,FA,P,5
2014,"Syrian Arab Rep.",SYR,Uganda,UGA,G,N,FA,P,5
2014,"Syrian Arab Rep.",SYR,Ukraine,UKR,G,N,FI,P,267
2014,"Syrian Arab Rep.",SYR,Ukraine,UKR,G,J,JR,P,35
2014,"Syrian Arab Rep.",SYR,Ukraine,UKR,U,N,FI,P,5
2014,"Syrian Arab Rep.",SYR,Uruguay,URY,G,N,FI,P,16
2014,"Syrian Arab Rep.",SYR,"United States of America",USA,G,N,EO,P,141
2014,"Syrian Arab Rep.",SYR,"United States of America",USA,G,N,IN,C,1564
2014,"Syrian Arab Rep.",SYR,Yemen,YEM,U,N,FI,P,343
2014,"Syrian Arab Rep.",SYR,Zambia,ZMB,G,N,FI,P,5
2015,"Syrian Arab Rep.",SYR,Albania,ALB,G,N,FI,P,71
2015,"Syrian Arab Rep.",SYR,Algeria,DZA,U,N,FI,P,2111
2015,"Syrian Arab Rep.",SYR,Algeria,DZA,U,R,RA,P,12
2015,"Syrian Arab Rep.",SYR,"Antigua and Barbuda",ATG,J,N,FI,P,15
2015,"Syrian Arab Rep.",SYR,Egypt,EGY,U,N,FI,P,2415
2015,"Syrian Arab Rep.",SYR,Argentina,ARG,G,N,FI,P,159
2015,"Syrian Arab Rep.",SYR,Armenia,ARM,G,N,FI,P,103
2015,"Syrian Arab Rep.",SYR,Australia,AUS,G,A,AR,C,5
2015,"Syrian Arab Rep.",SYR,Australia,AUS,G,N,FI,P,87
2015,"Syrian Arab Rep.",SYR,Austria,AUT,G,N,FA,P,24352
2015,"Syrian Arab Rep.",SYR,Austria,AUT,G,R,RA,P,195
2015,"Syrian Arab Rep.",SYR,Azerbaijan,AZE,G,N,FI,P,5
2015,"Syrian Arab Rep.",SYR,Azerbaijan,AZE,U,N,FI,P,5
2015,"Syrian Arab Rep.",SYR,Belgium,BEL,G,N,FI,P,10293
2015,"Syrian Arab Rep.",SYR,Belgium,BEL,G,A,JR,C,23
2015,"Syrian Arab Rep.",SYR,Belgium,BEL,G,R,RA,P,122
2015,"Syrian Arab Rep.",SYR,Belarus,BLR,G,N,FI,P,103
2015,"Syrian Arab Rep.",SYR,Belarus,BLR,G,A,JR,P,5
2015,"Syrian Arab Rep.",SYR,Brazil,BRA,G,N,FI,P,1610
2015,"Syrian Arab Rep.",SYR,"Bosnia and Herzegovina",BIH,G,N,FI,P,5
2015,"Syrian Arab Rep.",SYR,Bulgaria,BGR,G,N,FI,P,5950
2015,"Syrian Arab Rep.",SYR,Bulgaria,BGR,G,R,RA,P,33
2015,"Syrian Arab Rep.",SYR,Canada,CAN,G,A,AR,P,10
2015,"Syrian Arab Rep.",SYR,Canada,CAN,G,N,FI,P,544
2015,"Syrian Arab Rep.",SYR,Chad,TCD,G,N,FA,P,5
2015,"Syrian Arab Rep.",SYR,China,CHN,U,N,FI,P,32
2015,"Syrian Arab Rep.",SYR,Chile,CHL,G,N,FI,P,10
2015,"Syrian Arab Rep.",SYR,Cameroon,CMR,U,N,FI,P,11
2015,"Syrian Arab Rep.",SYR,Congo,COG,G,N,FA,P,10
2015,"Syrian Arab Rep.",SYR,"Dem. Rep. of the Congo",COD,G,N,FI,P,5
2015,"Syrian Arab Rep.",SYR,Colombia,COL,G,N,FI,P,5
2015,"Syrian Arab Rep.",SYR,Cuba,CUB,U,N,FA,P,26
2015,"Syrian Arab Rep.",SYR,"Curacao ",CUW,U,N,FI,P,5
2015,"Syrian Arab Rep.",SYR,Cyprus,CYP,G,A,AR,P,29
2015,"Syrian Arab Rep.",SYR,Cyprus,CYP,G,N,FI,P,908
2015,"Syrian Arab Rep.",SYR,Cyprus,CYP,G,R,FI,P,100
2015,"Syrian Arab Rep.",SYR,Cyprus,CYP,G,R,RA,P,42
2015,"Syrian Arab Rep.",SYR,Cyprus,CYP,U,N,FA,P,50
2015,"Syrian Arab Rep.",SYR,Czechia,CZE,G,N,FI,P,129
2015,"Syrian Arab Rep.",SYR,Czechia,CZE,G,R,RA,P,5
2015,"Syrian Arab Rep.",SYR,Denmark,DNK,G,A,AR,P,115
2015,"Syrian Arab Rep.",SYR,Denmark,DNK,G,N,FI,P,8608
2015,"Syrian Arab Rep.",SYR,Djibouti,DJI,G,N,FI,P,5
2015,"Syrian Arab Rep.",SYR,"Dominican Rep.",DOM,G,N,FI,P,5
2015,"Syrian Arab Rep.",SYR,Estonia,EST,G,N,FI,P,10
2015,"Syrian Arab Rep.",SYR,Ethiopia,ETH,J,N,FI,P,16
2015,"Syrian Arab Rep.",SYR,Finland,FIN,G,N,FI,P,836
2015,"Syrian Arab Rep.",SYR,France,FRA,G,A,AR,P,278
2015,"Syrian Arab Rep.",SYR,France,FRA,G,N,FI,P,5124
2015,"Syrian Arab Rep.",SYR,France,FRA,G,A,RA,P,11
2015,"Syrian Arab Rep.",SYR,France,FRA,G,R,RA,P,12
2015,"Syrian Arab Rep.",SYR,"United Kingdom of Great Britain and Northern Ireland",GBR,G,A,AR,C,190
2015,"Syrian Arab Rep.",SYR,"United Kingdom of Great Britain and Northern Ireland",GBR,G,N,FI,P,2846
2015,"Syrian Arab Rep.",SYR,"United Kingdom of Great Britain and Northern Ireland",GBR,G,R,RA,P,5
2015,"Syrian Arab Rep.",SYR,Georgia,GEO,G,N,FI,P,20
2015,"Syrian Arab Rep.",SYR,Georgia,GEO,G,J,JR,P,5
2015,"Syrian Arab Rep.",SYR,Germany,DEU,G,N,NA,P,158657
2015,"Syrian Arab Rep.",SYR,Germany,DEU,G,R,RA,P,3853
2015,"Syrian Arab Rep.",SYR,Ghana,GHA,G,N,FI,P,20
2015,"Syrian Arab Rep.",SYR,Greece,GRC,G,A,AR,P,5
2015,"Syrian Arab Rep.",SYR,Greece,GRC,G,N,FI,P,3316
2015,"Syrian Arab Rep.",SYR,Greece,GRC,G,R,RA,P,177
2015,"Syrian Arab Rep.",SYR,Croatia,HRV,G,N,FI,P,24
2015,"Syrian Arab Rep.",SYR,Hungary,HUN,G,N,FA,P,64081
2015,"Syrian Arab Rep.",SYR,Hungary,HUN,G,R,RA,P,506
2015,"Syrian Arab Rep.",SYR,Iceland,ISL,G,N,FI,P,29
2015,"Syrian Arab Rep.",SYR,"Cote d'Ivoire",CIV,J,N,FA,P,10
2015,"Syrian Arab Rep.",SYR,India,IND,U,N,FI,P,21
2015,"Syrian Arab Rep.",SYR,Indonesia,IDN,U,N,FI,P,20
2015,"Syrian Arab Rep.",SYR,Ireland,IRL,G,N,FI,P,74
2015,"Syrian Arab Rep.",SYR,Italy,ITA,G,N,FI,P,506
2015,"Syrian Arab Rep.",SYR,Jordan,JOR,U,N,FI,P,7413
2015,"Syrian Arab Rep.",SYR,Japan,JPN,G,N,FI,P,5
2015,"Syrian Arab Rep.",SYR,Kazakhstan,KAZ,G,N,FI,P,15
2015,"Syrian Arab Rep.",SYR,Kazakhstan,KAZ,U,N,FI,P,5
2015,"Syrian Arab Rep.",SYR,Kenya,KEN,J,N,FI,P,19
2015,"Syrian Arab Rep.",SYR,Kyrgyzstan,KGZ,G,N,FI,P,12
2015,"Syrian Arab Rep.",SYR,Kyrgyzstan,KGZ,U,N,FI,P,10
2015,"Syrian Arab Rep.",SYR,"Rep. of Korea",KOR,G,N,FA,P,404
2015,"Syrian Arab Rep.",SYR,Libya,LBY,U,N,FI,P,35
2015,"Syrian Arab Rep.",SYR,Lebanon,LBN,U,A,AR,P,5
2015,"Syrian Arab Rep.",SYR,Lebanon,LBN,U,N,FI,P,9059
2015,"Syrian Arab Rep.",SYR,"Sri Lanka",LKA,U,N,FI,P,5
2015,"Syrian Arab Rep.",SYR,Lithuania,LTU,G,N,FI,P,5
2015,"Syrian Arab Rep.",SYR,Luxembourg,LUX,G,A,AR,P,10
2015,"Syrian Arab Rep.",SYR,Luxembourg,LUX,G,N,FI,P,630
2015,"Syrian Arab Rep.",SYR,Latvia,LVA,G,N,FI,P,5
2015,"Syrian Arab Rep.",SYR,Mauritania,MRT,U,N,FA,P,239
2015,"Syrian Arab Rep.",SYR,"North Macedonia",MKD,G,N,FA,P,997
2015,"Syrian Arab Rep.",SYR,"Rep. of Moldova",MDA,G,N,FI,P,55
2015,"Syrian Arab Rep.",SYR,Mexico,MEX,G,N,FI,P,5
2015,"Syrian Arab Rep.",SYR,Mali,MLI,G,N,FI,P,66
2015,"Syrian Arab Rep.",SYR,Malaysia,MYS,U,N,FI,P,511
2015,"Syrian Arab Rep.",SYR,Montenegro,MNE,G,N,FA,P,996
2015,"Syrian Arab Rep.",SYR,Malta,MLT,G,A,AR,P,17
2015,"Syrian Arab Rep.",SYR,Malta,MLT,G,N,FI,P,398
2015,"Syrian Arab Rep.",SYR,Netherlands,NLD,G,N,FI,P,18677
2015,"Syrian Arab Rep.",SYR,Netherlands,NLD,G,R,RA,P,54
2015,"Syrian Arab Rep.",SYR,Nigeria,NGA,G,N,FI,P,45
2015,"Syrian Arab Rep.",SYR,Norway,NOR,G,A,AR,P,265
2015,"Syrian Arab Rep.",SYR,Norway,NOR,G,N,FI,P,10517
2015,"Syrian Arab Rep.",SYR,Norway,NOR,G,R,RA,P,19
2015,"Syrian Arab Rep.",SYR,"New Zealand",NZL,G,N,FI,P,13
2015,"Syrian Arab Rep.",SYR,Pakistan,PAK,U,N,FI,P,11
2015,"Syrian Arab Rep.",SYR,Paraguay,PRY,G,N,FI,P,55
2015,"Syrian Arab Rep.",SYR,Peru,PER,G,N,FI,P,10
2015,"Syrian Arab Rep.",SYR,Philippines,PHL,G,N,FI,P,22
2015,"Syrian Arab Rep.",SYR,Poland,POL,G,N,FI,P,286
2015,"Syrian Arab Rep.",SYR,Poland,POL,G,R,RA,P,10
2015,"Syrian Arab Rep.",SYR,Portugal,PRT,G,N,FI,P,22
2015,"Syrian Arab Rep.",SYR,Romania,ROU,G,N,FI,P,541
2015,"Syrian Arab Rep.",SYR,Romania,ROU,G,R,RA,P,5
2015,"Syrian Arab Rep.",SYR,"South Africa",ZAF,G,A,AR,P,5
2015,"Syrian Arab Rep.",SYR,"South Africa",ZAF,G,N,FI,P,27
2015,"Syrian Arab Rep.",SYR,"Russian Federation",RUS,G,N,FI,P,337
2015,"Syrian Arab Rep.",SYR,"Russian Federation",RUS,G,N,TA,P,1124
2015,"Syrian Arab Rep.",SYR,"El Salvador",SLV,G,N,FI,P,10
2015,"Syrian Arab Rep.",SYR,Somalia,SOM,U,N,FI,P,39
2015,"Syrian Arab Rep.",SYR,Spain,ESP,G,N,FI,P,5724
2015,"Syrian Arab Rep.",SYR,"Serbia and Kosovo: S/RES/1244 (1999)",SRB,G,N,FI,P,245
2015,"Syrian Arab Rep.",SYR,Sudan,SDN,G,N,FI,P,195
2015,"Syrian Arab Rep.",SYR,Sudan,SDN,U,N,FI,P,110
2015,"Syrian Arab Rep.",SYR,Slovakia,SVK,G,N,FI,P,5
2015,"Syrian Arab Rep.",SYR,Slovenia,SVN,G,N,FI,P,16
2015,"Syrian Arab Rep.",SYR,Sweden,SWE,G,A,AR,P,702
2015,"Syrian Arab Rep.",SYR,Sweden,SWE,G,N,FI,P,50891
2015,"Syrian Arab Rep.",SYR,Sweden,SWE,G,R,RA,P,442
2015,"Syrian Arab Rep.",SYR,Switzerland,CHE,G,N,FI,P,4649
2015,"Syrian Arab Rep.",SYR,Switzerland,CHE,G,R,FI,P,96
2015,"Syrian Arab Rep.",SYR,"Sint Maarten (Dutch part)",SXM,U,N,FI,P,5
2015,"Syrian Arab Rep.",SYR,Thailand,THA,U,N,FI,P,177
2015,"Syrian Arab Rep.",SYR,Togo,TGO,G,N,FI,P,5
2015,"Syrian Arab Rep.",SYR,"Trinidad and Tobago",TTO,U,N,FI,P,37
2015,"Syrian Arab Rep.",SYR,"United Arab Emirates",ARE,U,A,AR,P,121
2015,"Syrian Arab Rep.",SYR,Uganda,UGA,G,N,FA,P,5
2015,"Syrian Arab Rep.",SYR,Ukraine,UKR,G,N,FI,P,136
2015,"Syrian Arab Rep.",SYR,Ukraine,UKR,G,J,JR,P,143
2015,"Syrian Arab Rep.",SYR,Ukraine,UKR,U,N,FI,P,27
2015,"Syrian Arab Rep.",SYR,Uruguay,URY,G,N,FI,P,10
2015,"Syrian Arab Rep.",SYR,"United States of America",USA,G,N,EO,P,110
2015,"Syrian Arab Rep.",SYR,"United States of America",USA,G,N,IN,C,1004
2015,"Syrian Arab Rep.",SYR,Zambia,ZMB,G,N,FI,P,5
2016,"Syrian Arab Rep.",SYR,Albania,ALB,G,N,FI,P,127
2016,"Syrian Arab Rep.",SYR,Algeria,DZA,U,N,FI,P,1513
2016,"Syrian Arab Rep.",SYR,Algeria,DZA,U,R,RA,P,10
2016,"Syrian Arab Rep.",SYR,Argentina,ARG,G,N,FI,P,45
2016,"Syrian Arab Rep.",SYR,Armenia,ARM,G,N,FI,P,59
2016,"Syrian Arab Rep.",SYR,Australia,AUS,G,N,FI,P,83
2016,"Syrian Arab Rep.",SYR,Austria,AUT,G,N,FA,P,8642
2016,"Syrian Arab Rep.",SYR,Azerbaijan,AZE,U,N,FI,P,10
2016,"Syrian Arab Rep.",SYR,Belgium,BEL,G,N,FI,P,2612
2016,"Syrian Arab Rep.",SYR,Belgium,BEL,G,A,JR,C,42
2016,"Syrian Arab Rep.",SYR,Belgium,BEL,G,R,RA,P,154
2016,"Syrian Arab Rep.",SYR,Benin,BEN,G,N,FI,P,5
2016,"Syrian Arab Rep.",SYR,Belarus,BLR,G,N,FI,P,21
2016,"Syrian Arab Rep.",SYR,Belarus,BLR,G,A,JR,P,5
2016,"Syrian Arab Rep.",SYR,"Bolivia (Plurinational State of)",BOL,G,N,FI,P,5
2016,"Syrian Arab Rep.",SYR,Brazil,BRA,G,N,FI,P,391
2016,"Syrian Arab Rep.",SYR,"Bosnia and Herzegovina",BIH,G,N,FI,P,18
2016,"Syrian Arab Rep.",SYR,Bulgaria,BGR,G,N,FI,P,2563
2016,"Syrian Arab Rep.",SYR,Bulgaria,BGR,G,R,RA,P,54
2016,"Syrian Arab Rep.",SYR,Canada,CAN,G,N,FI,P,969
2016,"Syrian Arab Rep.",SYR,Chad,TCD,G,N,FA,P,5
2016,"Syrian Arab Rep.",SYR,China,CHN,U,N,FI,P,22
2016,"Syrian Arab Rep.",SYR,Chile,CHL,G,N,FI,P,12
2016,"Syrian Arab Rep.",SYR,Cameroon,CMR,U,N,FI,P,5
2016,"Syrian Arab Rep.",SYR,"Dem. Rep. of the Congo",COD,G,N,FI,P,26
2016,"Syrian Arab Rep.",SYR,Colombia,COL,G,N,FI,P,5
2016,"Syrian Arab Rep.",SYR,"Costa Rica",CRI,G,N,FI,P,10
2016,"Syrian Arab Rep.",SYR,Cuba,CUB,U,N,FA,P,10
2016,"Syrian Arab Rep.",SYR,Cyprus,CYP,G,A,AR,P,57
2016,"Syrian Arab Rep.",SYR,Cyprus,CYP,G,N,FI,P,1180
2016,"Syrian Arab Rep.",SYR,Cyprus,CYP,G,R,FI,P,44
2016,"Syrian Arab Rep.",SYR,Cyprus,CYP,G,R,RA,P,35
2016,"Syrian Arab Rep.",SYR,Czechia,CZE,G,N,FI,P,67
2016,"Syrian Arab Rep.",SYR,Czechia,CZE,G,R,RA,P,11
2016,"Syrian Arab Rep.",SYR,Denmark,DNK,G,A,AR,P,52
2016,"Syrian Arab Rep.",SYR,Denmark,DNK,G,N,FI,P,1320
2016,"Syrian Arab Rep.",SYR,"Dominican Rep.",DOM,U,N,FI,P,5
2016,"Syrian Arab Rep.",SYR,Ethiopia,ETH,J,N,FI,P,33
2016,"Syrian Arab Rep.",SYR,Finland,FIN,G,N,FI,P,600
2016,"Syrian Arab Rep.",SYR,France,FRA,G,A,AR,P,545
2016,"Syrian Arab Rep.",SYR,France,FRA,G,N,FI,P,6073
2016,"Syrian Arab Rep.",SYR,France,FRA,G,R,RA,P,10
2016,"Syrian Arab Rep.",SYR,"United Kingdom of Great Britain and Northern Ireland",GBR,G,A,AR,C,132
2016,"Syrian Arab Rep.",SYR,"United Kingdom of Great Britain and Northern Ireland",GBR,G,N,FI,P,1588
2016,"Syrian Arab Rep.",SYR,"United Kingdom of Great Britain and Northern Ireland",GBR,G,R,RA,P,5
2016,"Syrian Arab Rep.",SYR,Georgia,GEO,G,N,FI,P,21
2016,"Syrian Arab Rep.",SYR,Germany,DEU,G,N,NA,P,266250
2016,"Syrian Arab Rep.",SYR,Germany,DEU,G,R,RA,P,2616
2016,"Syrian Arab Rep.",SYR,Ghana,GHA,G,N,FI,P,122
2016,"Syrian Arab Rep.",SYR,Greece,GRC,G,A,AR,P,1148
2016,"Syrian Arab Rep.",SYR,Greece,GRC,G,N,FI,P,26614
2016,"Syrian Arab Rep.",SYR,Greece,GRC,G,R,RA,P,78
2016,"Syrian Arab Rep.",SYR,Croatia,HRV,G,N,FI,P,311
2016,"Syrian Arab Rep.",SYR,Croatia,HRV,G,J,JR,P,5
2016,"Syrian Arab Rep.",SYR,Hungary,HUN,G,N,FI,P,4735
2016,"Syrian Arab Rep.",SYR,Hungary,HUN,G,R,RA,P,244
2016,"Syrian Arab Rep.",SYR,Iceland,ISL,G,N,FI,P,34
2016,"Syrian Arab Rep.",SYR,"Cote d'Ivoire",CIV,J,N,FA,P,5
2016,"Syrian Arab Rep.",SYR,India,IND,U,N,FI,P,57
2016,"Syrian Arab Rep.",SYR,Indonesia,IDN,U,N,FI,P,16
2016,"Syrian Arab Rep.",SYR,Ireland,IRL,G,N,FI,P,244
2016,"Syrian Arab Rep.",SYR,Ireland,IRL,G,R,RA,P,5
2016,"Syrian Arab Rep.",SYR,Italy,ITA,G,N,FI,P,981
2016,"Syrian Arab Rep.",SYR,Kazakhstan,KAZ,G,A,AR,P,10
2016,"Syrian Arab Rep.",SYR,Kazakhstan,KAZ,G,N,FI,P,12
2016,"Syrian Arab Rep.",SYR,Kyrgyzstan,KGZ,G,N,FI,P,10
2016,"Syrian Arab Rep.",SYR,"Rep. of Korea",KOR,G,N,FA,P,171
2016,"Syrian Arab Rep.",SYR,Kuwait,KWT,U,N,FI,P,54
2016,"Syrian Arab Rep.",SYR,Libya,LBY,U,N,FI,P,825
2016,"Syrian Arab Rep.",SYR,Lebanon,LBN,U,N,FI,P,10
2016,"Syrian Arab Rep.",SYR,Liechtenstein,LIE,G,N,FI,P,5
2016,"Syrian Arab Rep.",SYR,Lithuania,LTU,G,N,FI,P,165
2016,"Syrian Arab Rep.",SYR,Luxembourg,LUX,G,A,AR,P,15
2016,"Syrian Arab Rep.",SYR,Luxembourg,LUX,G,N,FI,P,288
2016,"Syrian Arab Rep.",SYR,Latvia,LVA,G,N,FI,P,149
2016,"Syrian Arab Rep.",SYR,Madagascar,MDG,U,N,FI,P,5
2016,"Syrian Arab Rep.",SYR,Mauritania,MRT,U,N,FI,P,216
2016,"Syrian Arab Rep.",SYR,"North Macedonia",MKD,G,N,FA,P,192
2016,"Syrian Arab Rep.",SYR,"Rep. of Moldova",MDA,G,N,FI,P,25
2016,"Syrian Arab Rep.",SYR,"Rep. of Moldova",MDA,G,J,JR,P,5
2016,"Syrian Arab Rep.",SYR,Mexico,MEX,G,N,FI,P,5
2016,"Syrian Arab Rep.",SYR,Malaysia,MYS,U,N,FI,P,412
2016,"Syrian Arab Rep.",SYR,Montenegro,MNE,G,N,FA,P,35
2016,"Syrian Arab Rep.",SYR,Morocco,MAR,U,N,FI,P,5
2016,"Syrian Arab Rep.",SYR,Malta,MLT,G,A,AR,P,24
2016,"Syrian Arab Rep.",SYR,Malta,MLT,G,N,FI,P,287
2016,"Syrian Arab Rep.",SYR,Mauritius,MUS,U,N,FI,P,5
2016,"Syrian Arab Rep.",SYR,Netherlands,NLD,G,N,FI,P,2557
2016,"Syrian Arab Rep.",SYR,Netherlands,NLD,G,R,RA,P,60
2016,"Syrian Arab Rep.",SYR,Nigeria,NGA,G,N,FI,P,60
2016,"Syrian Arab Rep.",SYR,Norway,NOR,G,A,AR,P,511
2016,"Syrian Arab Rep.",SYR,Norway,NOR,G,N,FI,P,508
2016,"Syrian Arab Rep.",SYR,Norway,NOR,G,R,RA,P,21
2016,"Syrian Arab Rep.",SYR,"New Zealand",NZL,G,N,FI,P,10
2016,"Syrian Arab Rep.",SYR,Pakistan,PAK,U,N,FI,P,5
2016,"Syrian Arab Rep.",SYR,Panama,PAN,G,N,FI,P,5
2016,"Syrian Arab Rep.",SYR,Paraguay,PRY,G,N,FI,P,20
2016,"Syrian Arab Rep.",SYR,Peru,PER,G,N,FI,P,10
2016,"Syrian Arab Rep.",SYR,Philippines,PHL,G,N,FA,P,16
2016,"Syrian Arab Rep.",SYR,Poland,POL,G,A,AR,P,5
2016,"Syrian Arab Rep.",SYR,Poland,POL,G,N,FI,P,42
2016,"Syrian Arab Rep.",SYR,Portugal,PRT,G,N,FI,P,433
2016,"Syrian Arab Rep.",SYR,Qatar,QAT,U,N,FI,P,21
2016,"Syrian Arab Rep.",SYR,Romania,ROU,G,N,FI,P,816
2016,"Syrian Arab Rep.",SYR,Romania,ROU,G,R,RA,P,5
2016,"Syrian Arab Rep.",SYR,"South Africa",ZAF,G,N,FI,P,20
2016,"Syrian Arab Rep.",SYR,"Russian Federation",RUS,G,N,FI,P,220
2016,"Syrian Arab Rep.",SYR,"Russian Federation",RUS,G,N,TA,P,1045
2016,"Syrian Arab Rep.",SYR,"Saudi Arabia",SAU,U,N,FI,P,20
2016,"Syrian Arab Rep.",SYR,Spain,ESP,G,N,FI,P,3069
2016,"Syrian Arab Rep.",SYR,"Serbia and Kosovo: S/RES/1244 (1999)",SRB,G,N,FI,P,164
2016,"Syrian Arab Rep.",SYR,Slovakia,SVK,G,N,FI,P,10
2016,"Syrian Arab Rep.",SYR,Slovakia,SVK,G,R,RA,P,5
2016,"Syrian Arab Rep.",SYR,Slovenia,SVN,G,N,FI,P,273
2016,"Syrian Arab Rep.",SYR,Slovenia,SVN,G,R,RA,P,10
2016,"Syrian Arab Rep.",SYR,Sweden,SWE,G,A,AR,P,3147
2016,"Syrian Arab Rep.",SYR,Sweden,SWE,G,N,FI,P,4706
2016,"Syrian Arab Rep.",SYR,Sweden,SWE,G,R,RA,P,749
2016,"Syrian Arab Rep.",SYR,Switzerland,CHE,G,N,FI,P,2040
2016,"Syrian Arab Rep.",SYR,Switzerland,CHE,G,R,FI,P,104
2016,"Syrian Arab Rep.",SYR,Thailand,THA,U,N,FI,P,70
2016,"Syrian Arab Rep.",SYR,"Trinidad and Tobago",TTO,U,N,FI,P,24
2016,"Syrian Arab Rep.",SYR,Turkey,TUR,U,N,FI,P,35
2016,"Syrian Arab Rep.",SYR,"United Arab Emirates",ARE,U,N,NA,P,165
2016,"Syrian Arab Rep.",SYR,Uganda,UGA,G,N,FA,P,5
2016,"Syrian Arab Rep.",SYR,Ukraine,UKR,G,N,FI,P,72
2016,"Syrian Arab Rep.",SYR,Ukraine,UKR,G,J,JR,P,96
2016,"Syrian Arab Rep.",SYR,Ukraine,UKR,U,N,FI,P,34
2016,"Syrian Arab Rep.",SYR,"United States of America",USA,G,N,EO,P,156
2016,"Syrian Arab Rep.",SYR,"United States of America",USA,G,N,IN,C,652
2016,"Syrian Arab Rep.",SYR,"Venezuela (Bolivarian Republic of)",VEN,G,N,FI,P,18
2016,"Syrian Arab Rep.",SYR,Zambia,ZMB,G,N,FI,P,5
2017,"Syrian Arab Rep.",SYR,Albania,ALB,G,N,FI,P,112
2017,"Syrian Arab Rep.",SYR,Algeria,DZA,U,N,FI,P,1972
2017,"Syrian Arab Rep.",SYR,Algeria,DZA,U,R,RA,P,5
2017,"Syrian Arab Rep.",SYR,Argentina,ARG,G,N,FI,P,62
2017,"Syrian Arab Rep.",SYR,Armenia,ARM,G,N,FI,P,52
2017,"Syrian Arab Rep.",SYR,Australia,AUS,G,N,FI,P,100
2017,"Syrian Arab Rep.",SYR,Austria,AUT,G,N,FA,P,7255
2017,"Syrian Arab Rep.",SYR,Azerbaijan,AZE,G,N,FI,P,5
2017,"Syrian Arab Rep.",SYR,Belgium,BEL,G,R,AR,P,155
2017,"Syrian Arab Rep.",SYR,Belgium,BEL,G,N,FI,P,2625
2017,"Syrian Arab Rep.",SYR,Benin,BEN,G,N,FI,P,5
2017,"Syrian Arab Rep.",SYR,Belarus,BLR,G,N,FI,P,11
2017,"Syrian Arab Rep.",SYR,Brazil,BRA,G,N,FI,P,823
2017,"Syrian Arab Rep.",SYR,"Bosnia and Herzegovina",BIH,G,N,FI,P,43
2017,"Syrian Arab Rep.",SYR,Bulgaria,BGR,G,N,FI,P,941
2017,"Syrian Arab Rep.",SYR,Bulgaria,BGR,G,R,RA,P,28
2017,"Syrian Arab Rep.",SYR,Canada,CAN,G,A,AR,P,5
2017,"Syrian Arab Rep.",SYR,Canada,CAN,G,N,FI,P,1267
2017,"Syrian Arab Rep.",SYR,Chad,TCD,G,FA,FA,P,30
2017,"Syrian Arab Rep.",SYR,China,CHN,U,N,FI,P,20
2017,"Syrian Arab Rep.",SYR,Chile,CHL,G,N,FI,P,29
2017,"Syrian Arab Rep.",SYR,Cameroon,CMR,U,N,FI,P,10
2017,"Syrian Arab Rep.",SYR,Congo,COG,G,N,FI,P,12
2017,"Syrian Arab Rep.",SYR,"Costa Rica",CRI,G,N,FI,P,5
2017,"Syrian Arab Rep.",SYR,Cuba,CUB,U,N,FI,P,5
2017,"Syrian Arab Rep.",SYR,Cyprus,CYP,G,A,AR,P,31
2017,"Syrian Arab Rep.",SYR,Cyprus,CYP,G,N,FI,P,1762
2017,"Syrian Arab Rep.",SYR,Cyprus,CYP,G,R,FI,P,43
2017,"Syrian Arab Rep.",SYR,Cyprus,CYP,G,R,RA,P,37
2017,"Syrian Arab Rep.",SYR,Czechia,CZE,G,N,FI,P,71
2017,"Syrian Arab Rep.",SYR,Czechia,CZE,G,R,RA,P,5
2017,"Syrian Arab Rep.",SYR,Denmark,DNK,G,A,AR,P,42
2017,"Syrian Arab Rep.",SYR,Denmark,DNK,G,N,FI,P,858
2017,"Syrian Arab Rep.",SYR,Ecuador,ECU,G,N,FA,P,96
2017,"Syrian Arab Rep.",SYR,Ethiopia,ETH,J,N,FI,P,19
2017,"Syrian Arab Rep.",SYR,Finland,FIN,G,N,FI,C,725
2017,"Syrian Arab Rep.",SYR,Finland,FIN,G,R,RA,C,19
2017,"Syrian Arab Rep.",SYR,France,FRA,G,A,AR,P,1207
2017,"Syrian Arab Rep.",SYR,France,FRA,G,N,FI,P,5805
2017,"Syrian Arab Rep.",SYR,France,FRA,G,A,RA,P,5
2017,"Syrian Arab Rep.",SYR,France,FRA,G,R,RA,P,19
2017,"Syrian Arab Rep.",SYR,"United Kingdom of Great Britain and Northern Ireland",GBR,G,A,AR,C,95
2017,"Syrian Arab Rep.",SYR,"United Kingdom of Great Britain and Northern Ireland",GBR,G,N,FI,P,793
2017,"Syrian Arab Rep.",SYR,"United Kingdom of Great Britain and Northern Ireland",GBR,G,R,RA,P,5
2017,"Syrian Arab Rep.",SYR,Georgia,GEO,G,N,FI,P,30
2017,"Syrian Arab Rep.",SYR,Germany,DEU,G,N,NA,P,48974
2017,"Syrian Arab Rep.",SYR,Germany,DEU,G,R,RA,P,1448
2017,"Syrian Arab Rep.",SYR,Ghana,GHA,G,N,FI,P,49
2017,"Syrian Arab Rep.",SYR,Greece,GRC,G,A,AR,P,965
2017,"Syrian Arab Rep.",SYR,Greece,GRC,G,N,FI,P,16306
2017,"Syrian Arab Rep.",SYR,Greece,GRC,G,R,RA,P,90
2017,"Syrian Arab Rep.",SYR,Guatemala,GTM,G,N,FI,P,5
2017,"Syrian Arab Rep.",SYR,Guinea,GIN,G,N,FI,P,5
2017,"Syrian Arab Rep.",SYR,Croatia,HRV,G,N,FI,P,209
2017,"Syrian Arab Rep.",SYR,Croatia,HRV,G,J,JR,P,29
2017,"Syrian Arab Rep.",SYR,Hungary,HUN,G,N,FI,P,510
2017,"Syrian Arab Rep.",SYR,Hungary,HUN,G,R,RA,P,67
2017,"Syrian Arab Rep.",SYR,Iceland,ISL,G,A,AR,P,12
2017,"Syrian Arab Rep.",SYR,Iceland,ISL,G,N,FI,P,33
2017,"Syrian Arab Rep.",SYR,"Cote d'Ivoire",CIV,J,N,FA,P,5
2017,"Syrian Arab Rep.",SYR,India,IND,U,N,FI,P,24
2017,"Syrian Arab Rep.",SYR,Indonesia,IDN,U,N,FI,P,5
2017,"Syrian Arab Rep.",SYR,Ireland,IRL,G,N,FI,P,545
2017,"Syrian Arab Rep.",SYR,Italy,ITA,G,N,FI,P,1690
2017,"Syrian Arab Rep.",SYR,Kazakhstan,KAZ,G,N,FI,P,5
2017,"Syrian Arab Rep.",SYR,Kyrgyzstan,KGZ,G,N,FI,P,10
2017,"Syrian Arab Rep.",SYR,"Rep. of Korea",KOR,G,N,FA,P,103
2017,"Syrian Arab Rep.",SYR,Kuwait,KWT,U,N,FI,P,5
2017,"Syrian Arab Rep.",SYR,Libya,LBY,U,N,FI,P,2639
2017,"Syrian Arab Rep.",SYR,Lebanon,LBN,U,A,AR,P,5
2017,"Syrian Arab Rep.",SYR,Liechtenstein,LIE,G,N,FI,P,11
2017,"Syrian Arab Rep.",SYR,Lithuania,LTU,G,N,FI,P,225
2017,"Syrian Arab Rep.",SYR,Luxembourg,LUX,G,N,FI,P,405
2017,"Syrian Arab Rep.",SYR,Latvia,LVA,G,N,FI,P,139
2017,"Syrian Arab Rep.",SYR,Mauritania,MRT,U,N,FI,P,102
2017,"Syrian Arab Rep.",SYR,"North Macedonia",MKD,G,N,FA,P,26
2017,"Syrian Arab Rep.",SYR,"Rep. of Moldova",MDA,G,N,FI,P,16
2017,"Syrian Arab Rep.",SYR,Mexico,MEX,G,N,FI,P,5
2017,"Syrian Arab Rep.",SYR,Malaysia,MYS,U,N,FI,P,1015
2017,"Syrian Arab Rep.",SYR,Montenegro,MNE,G,N,FA,P,71
2017,"Syrian Arab Rep.",SYR,Morocco,MAR,U,N,FI,P,819
2017,"Syrian Arab Rep.",SYR,Malta,MLT,G,A,AR,P,78
2017,"Syrian Arab Rep.",SYR,Malta,MLT,G,N,FI,P,436
2017,"Syrian Arab Rep.",SYR,Netherlands,NLD,G,N,FI,P,2201
2017,"Syrian Arab Rep.",SYR,Netherlands,NLD,G,R,RA,P,805
2017,"Syrian Arab Rep.",SYR,Nigeria,NGA,G,N,FI,P,89
2017,"Syrian Arab Rep.",SYR,Norway,NOR,G,A,AR,P,94
2017,"Syrian Arab Rep.",SYR,Norway,NOR,G,N,FI,P,1006
2017,"Syrian Arab Rep.",SYR,Norway,NOR,G,R,RA,P,10
2017,"Syrian Arab Rep.",SYR,"New Zealand",NZL,G,N,FI,P,5
2017,"Syrian Arab Rep.",SYR,Pakistan,PAK,U,N,FI,P,5
2017,"Syrian Arab Rep.",SYR,Panama,PAN,G,N,FI,P,11
2017,"Syrian Arab Rep.",SYR,Paraguay,PRY,G,N,FI,P,15
2017,"Syrian Arab Rep.",SYR,Peru,PER,G,N,FI,P,5
2017,"Syrian Arab Rep.",SYR,Philippines,PHL,G,N,FA,P,31
2017,"Syrian Arab Rep.",SYR,Palau,PLW,U,N,FI,P,5
2017,"Syrian Arab Rep.",SYR,Poland,POL,G,N,FI,P,40
2017,"Syrian Arab Rep.",SYR,Portugal,PRT,G,N,FI,P,10
2017,"Syrian Arab Rep.",SYR,Portugal,PRT,G,R,RA,P,415
2017,"Syrian Arab Rep.",SYR,Romania,ROU,G,N,FI,P,945
2017,"Syrian Arab Rep.",SYR,Romania,ROU,G,R,RA,P,5
2017,"Syrian Arab Rep.",SYR,"South Africa",ZAF,G,N,FI,P,5
2017,"Syrian Arab Rep.",SYR,"Russian Federation",RUS,G,N,FI,P,191
2017,"Syrian Arab Rep.",SYR,"Russian Federation",RUS,G,N,TA,P,688
2017,"Syrian Arab Rep.",SYR,"Saudi Arabia",SAU,U,N,FI,P,27
2017,"Syrian Arab Rep.",SYR,Somalia,SOM,U,N,FI,P,5
2017,"Syrian Arab Rep.",SYR,Spain,ESP,G,N,FI,P,4276
2017,"Syrian Arab Rep.",SYR,"Serbia and Kosovo: S/RES/1244 (1999)",SRB,G,N,FI,P,42
2017,"Syrian Arab Rep.",SYR,Sudan,SDN,U,N,FI,P,40
2017,"Syrian Arab Rep.",SYR,Slovakia,SVK,G,N,FA,P,11
2017,"Syrian Arab Rep.",SYR,Slovenia,SVN,G,N,FA,P,92
2017,"Syrian Arab Rep.",SYR,Sweden,SWE,G,A,AR,P,1427
2017,"Syrian Arab Rep.",SYR,Sweden,SWE,G,N,FI,P,4574
2017,"Syrian Arab Rep.",SYR,Sweden,SWE,G,R,RA,P,214
2017,"Syrian Arab Rep.",SYR,Switzerland,CHE,G,N,FI,P,1806
2017,"Syrian Arab Rep.",SYR,Switzerland,CHE,G,R,RA,P,145
2017,"Syrian Arab Rep.",SYR,Thailand,THA,U,N,FI,P,57
2017,"Syrian Arab Rep.",SYR,"Trinidad and Tobago",TTO,U,N,FI,P,24
2017,"Syrian Arab Rep.",SYR,Turkey,TUR,U,N,FI,P,17
2017,"Syrian Arab Rep.",SYR,"United Arab Emirates",ARE,U,N,FI,P,1312
2017,"Syrian Arab Rep.",SYR,Uganda,UGA,G,N,FA,P,13
2017,"Syrian Arab Rep.",SYR,Ukraine,UKR,G,N,FI,P,65
2017,"Syrian Arab Rep.",SYR,Ukraine,UKR,G,J,JR,P,53
2017,"Syrian Arab Rep.",SYR,Uruguay,URY,G,N,FI,P,5
2017,"Syrian Arab Rep.",SYR,"United States of America",USA,G,A,AR,P,5
2017,"Syrian Arab Rep.",SYR,"United States of America",USA,G,N,EO,P,113
2017,"Syrian Arab Rep.",SYR,"United States of America",USA,G,N,IN,C,459
2018,"Syrian Arab Rep.",SYR,Albania,ALB,G,N,FI,P,2135
2018,"Syrian Arab Rep.",SYR,Algeria,DZA,U,N,FI,P,1728
2018,"Syrian Arab Rep.",SYR,Algeria,DZA,U,R,RA,P,22
2018,"Syrian Arab Rep.",SYR,Argentina,ARG,G,A,AR,P,5
2018,"Syrian Arab Rep.",SYR,Argentina,ARG,G,N,FI,P,32
2018,"Syrian Arab Rep.",SYR,Armenia,ARM,G,N,FI,P,21
2018,"Syrian Arab Rep.",SYR,Australia,AUS,G,N,FI,P,29
2018,"Syrian Arab Rep.",SYR,Austria,AUT,G,N,FA,P,3329
2018,"Syrian Arab Rep.",SYR,Azerbaijan,AZE,G,N,FI,P,29
2018,"Syrian Arab Rep.",SYR,Belgium,BEL,G,N,FI,P,2770
2018,"Syrian Arab Rep.",SYR,Belgium,BEL,G,R,RA,P,130
2018,"Syrian Arab Rep.",SYR,Belarus,BLR,G,N,FI,P,19
2018,"Syrian Arab Rep.",SYR,Brazil,BRA,G,N,FI,P,409
2018,"Syrian Arab Rep.",SYR,"Bosnia and Herzegovina",BIH,G,N,FI,P,188
2018,"Syrian Arab Rep.",SYR,Bulgaria,BGR,G,N,FA,P,505
2018,"Syrian Arab Rep.",SYR,Canada,CAN,G,A,AR,P,20
2018,"Syrian Arab Rep.",SYR,Canada,CAN,G,N,FI,P,567
2018,"Syrian Arab Rep.",SYR,Chad,TCD,G,N,FA,P,5
2018,"Syrian Arab Rep.",SYR,China,CHN,U,N,FI,P,10
2018,"Syrian Arab Rep.",SYR,Chile,CHL,G,N,FI,P,19
2018,"Syrian Arab Rep.",SYR,Cameroon,CMR,U,N,FI,P,5
2018,"Syrian Arab Rep.",SYR,Congo,COG,J,N,FI,P,10
2018,"Syrian Arab Rep.",SYR,Colombia,COL,G,N,FI,P,5
2018,"Syrian Arab Rep.",SYR,"Costa Rica",CRI,G,N,FI,P,5
2018,"Syrian Arab Rep.",SYR,Cuba,CUB,U,N,FI,P,5
2018,"Syrian Arab Rep.",SYR,Cyprus,CYP,G,A,AR,P,10
2018,"Syrian Arab Rep.",SYR,Cyprus,CYP,G,N,FI,P,1997
2018,"Syrian Arab Rep.",SYR,Cyprus,CYP,G,R,FI,P,31
2018,"Syrian Arab Rep.",SYR,Cyprus,CYP,G,R,RA,P,5
2018,"Syrian Arab Rep.",SYR,Czechia,CZE,G,N,FI,P,32
2018,"Syrian Arab Rep.",SYR,Czechia,CZE,G,R,RA,P,5
2018,"Syrian Arab Rep.",SYR,Denmark,DNK,G,A,AR,P,5
2018,"Syrian Arab Rep.",SYR,Denmark,DNK,G,N,FI,P,600
2018,"Syrian Arab Rep.",SYR,Ecuador,ECU,G,N,FA,P,56
2018,"Syrian Arab Rep.",SYR,Estonia,EST,G,N,FI,P,5
2018,"Syrian Arab Rep.",SYR,Ethiopia,ETH,J,N,FI,P,5
2018,"Syrian Arab Rep.",SYR,Finland,FIN,G,N,FI,P,105
2018,"Syrian Arab Rep.",SYR,Finland,FIN,G,R,RA,P,5
2018,"Syrian Arab Rep.",SYR,France,FRA,G,A,AR,P,1430
2018,"Syrian Arab Rep.",SYR,France,FRA,G,N,FI,P,4976
2018,"Syrian Arab Rep.",SYR,France,FRA,G,A,RA,P,26
2018,"Syrian Arab Rep.",SYR,France,FRA,G,R,RA,P,35
2018,"Syrian Arab Rep.",SYR,"United Kingdom of Great Britain and Northern Ireland",GBR,G,A,AR,C,51
2018,"Syrian Arab Rep.",SYR,"United Kingdom of Great Britain and Northern Ireland",GBR,G,N,FI,P,919
2018,"Syrian Arab Rep.",SYR,"United Kingdom of Great Britain and Northern Ireland",GBR,G,R,RA,P,5
2018,"Syrian Arab Rep.",SYR,Georgia,GEO,G,N,FI,P,44
2018,"Syrian Arab Rep.",SYR,Germany,DEU,G,J,JR,P,14235
2018,"Syrian Arab Rep.",SYR,Germany,DEU,G,N,NA,P,44167
2018,"Syrian Arab Rep.",SYR,Germany,DEU,G,R,RA,P,1997
2018,"Syrian Arab Rep.",SYR,Ghana,GHA,G,N,FI,P,52
2018,"Syrian Arab Rep.",SYR,Greece,GRC,G,A,AR,P,420
2018,"Syrian Arab Rep.",SYR,Greece,GRC,G,N,FI,P,13145
2018,"Syrian Arab Rep.",SYR,Greece,GRC,G,R,FI,P,245
2018,"Syrian Arab Rep.",SYR,Guinea,GIN,G,N,FI,P,5
2018,"Syrian Arab Rep.",SYR,Croatia,HRV,G,N,FI,P,174
2018,"Syrian Arab Rep.",SYR,Croatia,HRV,G,A,JR,P,22
2018,"Syrian Arab Rep.",SYR,Hungary,HUN,G,N,FI,P,48
2018,"Syrian Arab Rep.",SYR,Iceland,ISL,G,A,AR,P,12
2018,"Syrian Arab Rep.",SYR,Iceland,ISL,G,N,FI,P,40
2018,"Syrian Arab Rep.",SYR,"Cote d'Ivoire",CIV,G,N,FA,P,80
2018,"Syrian Arab Rep.",SYR,India,IND,U,N,FI,P,12
2018,"Syrian Arab Rep.",SYR,Indonesia,IDN,U,N,FI,P,5
2018,"Syrian Arab Rep.",SYR,Ireland,IRL,G,N,FI,P,333
2018,"Syrian Arab Rep.",SYR,Italy,ITA,G,N,FI,P,411
2018,"Syrian Arab Rep.",SYR,Kazakhstan,KAZ,G,A,AR,C,5
2018,"Syrian Arab Rep.",SYR,Kazakhstan,KAZ,G,N,FI,C,10
2018,"Syrian Arab Rep.",SYR,Kenya,KEN,G,N,FI,P,5
2018,"Syrian Arab Rep.",SYR,Kyrgyzstan,KGZ,G,N,FI,P,14
2018,"Syrian Arab Rep.",SYR,"Rep. of Korea",KOR,G,N,FA,P,64
2018,"Syrian Arab Rep.",SYR,Kuwait,KWT,U,N,FI,P,48
2018,"Syrian Arab Rep.",SYR,Libya,LBY,U,N,FI,P,1750
2018,"Syrian Arab Rep.",SYR,Lebanon,LBN,U,A,AR,P,5
2018,"Syrian Arab Rep.",SYR,Liechtenstein,LIE,G,N,FI,P,5
2018,"Syrian Arab Rep.",SYR,Lithuania,LTU,G,N,FI,P,32
2018,"Syrian Arab Rep.",SYR,Luxembourg,LUX,G,A,AR,P,5
2018,"Syrian Arab Rep.",SYR,Luxembourg,LUX,G,N,FI,P,280
2018,"Syrian Arab Rep.",SYR,Latvia,LVA,G,N,FI,P,5
2018,"Syrian Arab Rep.",SYR,Mauritania,MRT,U,N,FI,P,38
2018,"Syrian Arab Rep.",SYR,"North Macedonia",MKD,G,N,FA,P,11
2018,"Syrian Arab Rep.",SYR,"Rep. of Moldova",MDA,G,N,FI,P,5
2018,"Syrian Arab Rep.",SYR,Mexico,MEX,G,N,FI,P,5
2018,"Syrian Arab Rep.",SYR,Mali,MLI,G,N,FI,P,330
2018,"Syrian Arab Rep.",SYR,Malaysia,MYS,U,N,FI,P,620
2018,"Syrian Arab Rep.",SYR,Montenegro,MNE,G,N,FA,P,1199
2018,"Syrian Arab Rep.",SYR,Morocco,MAR,U,N,FI,P,795
2018,"Syrian Arab Rep.",SYR,Malta,MLT,G,A,AR,P,141
2018,"Syrian Arab Rep.",SYR,Malta,MLT,G,N,FI,P,458
2018,"Syrian Arab Rep.",SYR,Netherlands,NLD,G,N,FI,P,2954
2018,"Syrian Arab Rep.",SYR,Netherlands,NLD,G,R,RA,P,110
2018,"Syrian Arab Rep.",SYR,Niger,NER,J,N,FI,P,10
2018,"Syrian Arab Rep.",SYR,Nigeria,NGA,G,N,FI,P,88
2018,"Syrian Arab Rep.",SYR,Norway,NOR,G,A,AR,P,87
2018,"Syrian Arab Rep.",SYR,Norway,NOR,G,N,FI,P,411
2018,"Syrian Arab Rep.",SYR,Norway,NOR,G,R,RA,P,10
2018,"Syrian Arab Rep.",SYR,"New Zealand",NZL,G,N,FI,P,5
2018,"Syrian Arab Rep.",SYR,Pakistan,PAK,U,N,FI,P,5
2018,"Syrian Arab Rep.",SYR,Panama,PAN,G,N,FI,P,5
2018,"Syrian Arab Rep.",SYR,Paraguay,PRY,U,N,FI,P,5
2018,"Syrian Arab Rep.",SYR,Peru,PER,G,N,FI,P,5
2018,"Syrian Arab Rep.",SYR,Philippines,PHL,G,N,FA,P,32
2018,"Syrian Arab Rep.",SYR,Poland,POL,G,N,FI,P,23
2018,"Syrian Arab Rep.",SYR,Portugal,PRT,G,N,FI,P,295
2018,"Syrian Arab Rep.",SYR,Romania,ROU,G,N,FI,P,365
2018,"Syrian Arab Rep.",SYR,Romania,ROU,G,R,RA,P,10
2018,"Syrian Arab Rep.",SYR,"South Africa",ZAF,G,N,FI,P,13
2018,"Syrian Arab Rep.",SYR,"Russian Federation",RUS,G,N,FI,P,63
2018,"Syrian Arab Rep.",SYR,"Russian Federation",RUS,G,N,TA,P,306
2018,"Syrian Arab Rep.",SYR,"Saudi Arabia",SAU,U,N,FI,P,2187
2018,"Syrian Arab Rep.",SYR,Somalia,SOM,U,N,FI,P,10
2018,"Syrian Arab Rep.",SYR,Spain,ESP,G,N,FI,P,2901
2018,"Syrian Arab Rep.",SYR,"Serbia and Kosovo: S/RES/1244 (1999)",SRB,G,N,FI,P,250
2018,"Syrian Arab Rep.",SYR,Slovenia,SVN,G,N,FI,P,158
2018,"Syrian Arab Rep.",SYR,Slovenia,SVN,G,R,RA,P,5
2018,"Syrian Arab Rep.",SYR,Sweden,SWE,G,N,FI,P,2504
2018,"Syrian Arab Rep.",SYR,Sweden,SWE,G,A,JR,P,413
2018,"Syrian Arab Rep.",SYR,Sweden,SWE,G,R,RA,P,208
2018,"Syrian Arab Rep.",SYR,Switzerland,CHE,G,N,FI,P,1197
2018,"Syrian Arab Rep.",SYR,Switzerland,CHE,G,R,RA,P,196
2018,"Syrian Arab Rep.",SYR,Thailand,THA,U,N,FI,P,10
2018,"Syrian Arab Rep.",SYR,"Trinidad and Tobago",TTO,U,N,FI,P,19
2018,"Syrian Arab Rep.",SYR,Turkey,TUR,U,N,FI,P,5
2018,"Syrian Arab Rep.",SYR,"United Arab Emirates",ARE,U,N,FI,P,7223
2018,"Syrian Arab Rep.",SYR,Ukraine,UKR,G,N,FI,P,58
2018,"Syrian Arab Rep.",SYR,Ukraine,UKR,G,J,JR,P,64
2018,"Syrian Arab Rep.",SYR,"United States of America",USA,G,A,AR,P,227
2018,"Syrian Arab Rep.",SYR,"United States of America",USA,G,N,EO,P,65
2018,"Syrian Arab Rep.",SYR,"United States of America",USA,G,N,IN,C,272
2018,"Syrian Arab Rep.",SYR,Zambia,ZMB,G,N,FI,P,12
2019,"Syrian Arab Rep.",SYR,Albania,ALB,G,N,FI,P,35
2019,"Syrian Arab Rep.",SYR,Algeria,DZA,U,N,FI,P,959
2019,"Syrian Arab Rep.",SYR,Argentina,ARG,G,A,AR,P,5
2019,"Syrian Arab Rep.",SYR,Argentina,ARG,G,N,FI,P,10
2019,"Syrian Arab Rep.",SYR,Armenia,ARM,G,N,FI,P,37
2019,"Syrian Arab Rep.",SYR,Australia,AUS,G,A,AR,P,5
2019,"Syrian Arab Rep.",SYR,Australia,AUS,G,N,FI,P,10
2019,"Syrian Arab Rep.",SYR,Austria,AUT,G,N,FA,P,2708
2019,"Syrian Arab Rep.",SYR,Azerbaijan,AZE,G,N,FI,P,18
2019,"Syrian Arab Rep.",SYR,Azerbaijan,AZE,U,N,FI,P,5
2019,"Syrian Arab Rep.",SYR,Belgium,BEL,G,N,FI,P,1385
2019,"Syrian Arab Rep.",SYR,Belgium,BEL,G,R,RA,P,95
2019,"Syrian Arab Rep.",SYR,Benin,BEN,G,N,FI,P,13
2019,"Syrian Arab Rep.",SYR,Belarus,BLR,G,N,FI,P,10
2019,"Syrian Arab Rep.",SYR,Brazil,BRA,G,N,FI,P,307
2019,"Syrian Arab Rep.",SYR,"Bosnia and Herzegovina",BIH,G,N,FI,P,58
2019,"Syrian Arab Rep.",SYR,Bulgaria,BGR,G,NR,FA,P,487
2019,"Syrian Arab Rep.",SYR,Canada,CAN,G,A,AR,P,29
2019,"Syrian Arab Rep.",SYR,Canada,CAN,G,N,FI,P,225
2019,"Syrian Arab Rep.",SYR,Chad,TCD,G,N,FA,P,10
2019,"Syrian Arab Rep.",SYR,China,CHN,U,N,FI,P,5
2019,"Syrian Arab Rep.",SYR,Chile,CHL,G,N,FI,P,5
2019,"Syrian Arab Rep.",SYR,"Dem. Rep. of the Congo",COD,G,N,FI,P,5
2019,"Syrian Arab Rep.",SYR,"Costa Rica",CRI,G,N,FI,P,14
2019,"Syrian Arab Rep.",SYR,Cyprus,CYP,G,N,FI,P,2590
2019,"Syrian Arab Rep.",SYR,Cyprus,CYP,G,R,FI,P,54
2019,"Syrian Arab Rep.",SYR,Czechia,CZE,G,N,FI,P,35
2019,"Syrian Arab Rep.",SYR,Czechia,CZE,G,R,RA,P,5
2019,"Syrian Arab Rep.",SYR,Denmark,DNK,G,A,AR,P,37
2019,"Syrian Arab Rep.",SYR,Denmark,DNK,G,N,FI,P,492
2019,"Syrian Arab Rep.",SYR,Ecuador,ECU,G,N,FA,P,11
2019,"Syrian Arab Rep.",SYR,Estonia,EST,G,N,FI,P,5
2019,"Syrian Arab Rep.",SYR,Ethiopia,ETH,J,N,FI,P,340
2019,"Syrian Arab Rep.",SYR,Finland,FIN,G,N,FI,C,659
2019,"Syrian Arab Rep.",SYR,Finland,FIN,G,R,RA,C,21
2019,"Syrian Arab Rep.",SYR,France,FRA,G,A,AR,P,1271
2019,"Syrian Arab Rep.",SYR,France,FRA,G,N,FI,P,3747
2019,"Syrian Arab Rep.",SYR,France,FRA,G,A,RA,P,19
2019,"Syrian Arab Rep.",SYR,France,FRA,G,R,RA,P,40
2019,"Syrian Arab Rep.",SYR,"United Kingdom of Great Britain and Northern Ireland",GBR,G,A,AR,C,29
2019,"Syrian Arab Rep.",SYR,"United Kingdom of Great Britain and Northern Ireland",GBR,G,N,FI,P,1374
2019,"Syrian Arab Rep.",SYR,"United Kingdom of Great Britain and Northern Ireland",GBR,G,R,RA,P,5
2019,"Syrian Arab Rep.",SYR,Georgia,GEO,G,N,FI,P,19
2019,"Syrian Arab Rep.",SYR,Germany,DEU,G,N,NA,P,39270
2019,"Syrian Arab Rep.",SYR,Germany,DEU,G,R,RA,P,1824
2019,"Syrian Arab Rep.",SYR,Ghana,GHA,G,N,FI,P,40
2019,"Syrian Arab Rep.",SYR,Greece,GRC,G,N,FI,P,10748
2019,"Syrian Arab Rep.",SYR,Greece,GRC,G,R,RA,P,108
2019,"Syrian Arab Rep.",SYR,Croatia,HRV,G,N,FI,P,124
2019,"Syrian Arab Rep.",SYR,Croatia,HRV,G,A,JR,P,5
2019,"Syrian Arab Rep.",SYR,Hungary,HUN,G,N,FI,P,20
2019,"Syrian Arab Rep.",SYR,Iceland,ISL,G,A,AR,P,22
2019,"Syrian Arab Rep.",SYR,Iceland,ISL,G,N,FI,P,24
2019,"Syrian Arab Rep.",SYR,"Cote d'Ivoire",CIV,G,N,FA,P,38
2019,"Syrian Arab Rep.",SYR,India,IND,U,N,FI,P,21
2019,"Syrian Arab Rep.",SYR,Ireland,IRL,G,N,FI,P,88
2019,"Syrian Arab Rep.",SYR,Italy,ITA,G,N,FI,P,201
2019,"Syrian Arab Rep.",SYR,Kazakhstan,KAZ,G,A,AR,P,11
2019,"Syrian Arab Rep.",SYR,Kazakhstan,KAZ,G,N,FI,P,5
2019,"Syrian Arab Rep.",SYR,Kyrgyzstan,KGZ,G,N,FI,P,5
2019,"Syrian Arab Rep.",SYR,"Rep. of Korea",KOR,G,N,FA,P,25
2019,"Syrian Arab Rep.",SYR,Kuwait,KWT,U,N,FI,P,74
2019,"Syrian Arab Rep.",SYR,Libya,LBY,U,N,FI,P,3605
2019,"Syrian Arab Rep.",SYR,Lebanon,LBN,U,A,AR,P,21
2019,"Syrian Arab Rep.",SYR,Lithuania,LTU,G,N,FI,P,17
2019,"Syrian Arab Rep.",SYR,Luxembourg,LUX,G,N,FI,P,375
2019,"Syrian Arab Rep.",SYR,Latvia,LVA,G,N,FI,P,5
2019,"Syrian Arab Rep.",SYR,Madagascar,MDG,U,N,FI,P,5
2019,"Syrian Arab Rep.",SYR,Mauritania,MRT,U,N,FI,P,48
2019,"Syrian Arab Rep.",SYR,"North Macedonia",MKD,G,N,FA,P,59
2019,"Syrian Arab Rep.",SYR,"Rep. of Moldova",MDA,G,N,FI,P,5
2019,"Syrian Arab Rep.",SYR,Mexico,MEX,G,N,FI,P,5
2019,"Syrian Arab Rep.",SYR,Mali,MLI,G,N,FI,P,84
2019,"Syrian Arab Rep.",SYR,Malaysia,MYS,U,N,FI,P,502
2019,"Syrian Arab Rep.",SYR,Montenegro,MNE,G,N,FA,P,250
2019,"Syrian Arab Rep.",SYR,Morocco,MAR,U,N,FI,P,729
2019,"Syrian Arab Rep.",SYR,Malta,MLT,G,A,AR,P,53
2019,"Syrian Arab Rep.",SYR,Malta,MLT,G,N,FI,P,389
2019,"Syrian Arab Rep.",SYR,Netherlands,NLD,G,N,FI,P,3677
2019,"Syrian Arab Rep.",SYR,Netherlands,NLD,G,R,RA,P,161
2019,"Syrian Arab Rep.",SYR,Niger,NER,G,N,FI,P,5
2019,"Syrian Arab Rep.",SYR,Nigeria,NGA,G,N,FI,P,87
2019,"Syrian Arab Rep.",SYR,Norway,NOR,G,A,AR,P,45
2019,"Syrian Arab Rep.",SYR,Norway,NOR,G,N,FI,P,533
2019,"Syrian Arab Rep.",SYR,Norway,NOR,G,R,RA,P,5
2019,"Syrian Arab Rep.",SYR,"New Zealand",NZL,G,N,FI,P,5
2019,"Syrian Arab Rep.",SYR,Pakistan,PAK,U,N,FI,P,11
2019,"Syrian Arab Rep.",SYR,Paraguay,PRY,G,N,FI,P,5
2019,"Syrian Arab Rep.",SYR,Peru,PER,G,N,FI,P,5
2019,"Syrian Arab Rep.",SYR,Philippines,PHL,G,N,FA,P,23
2019,"Syrian Arab Rep.",SYR,Poland,POL,G,N,FI,P,25
2019,"Syrian Arab Rep.",SYR,Portugal,PRT,G,N,FI,P,5
2019,"Syrian Arab Rep.",SYR,Romania,ROU,G,N,FI,P,463
2019,"Syrian Arab Rep.",SYR,Romania,ROU,G,R,RA,P,5
2019,"Syrian Arab Rep.",SYR,"Russian Federation",RUS,G,N,FI,P,46
2019,"Syrian Arab Rep.",SYR,"Russian Federation",RUS,G,N,TA,P,288
2019,"Syrian Arab Rep.",SYR,"Saudi Arabia",SAU,U,N,FI,P,248
2019,"Syrian Arab Rep.",SYR,Somalia,SOM,U,N,FI,P,5
2019,"Syrian Arab Rep.",SYR,Spain,ESP,G,N,FI,P,2419
2019,"Syrian Arab Rep.",SYR,"Serbia and Kosovo: S/RES/1244 (1999)",SRB,G,N,FI,P,916
2019,"Syrian Arab Rep.",SYR,Slovakia,SVK,G,NR,FI,P,5
2019,"Syrian Arab Rep.",SYR,Slovenia,SVN,G,A,AR,P,5
2019,"Syrian Arab Rep.",SYR,Slovenia,SVN,G,N,FI,P,63
2019,"Syrian Arab Rep.",SYR,Slovenia,SVN,G,R,RA,P,11
2019,"Syrian Arab Rep.",SYR,Sweden,SWE,G,A,AR,P,343
2019,"Syrian Arab Rep.",SYR,Sweden,SWE,G,N,FI,P,2341
2019,"Syrian Arab Rep.",SYR,Sweden,SWE,G,R,RA,P,401
2019,"Syrian Arab Rep.",SYR,Switzerland,CHE,G,N,FI,P,945
2019,"Syrian Arab Rep.",SYR,Switzerland,CHE,G,R,RA,P,155
2019,"Syrian Arab Rep.",SYR,Thailand,THA,U,N,FI,P,13
2019,"Syrian Arab Rep.",SYR,Togo,TGO,G,N,FI,P,10
2019,"Syrian Arab Rep.",SYR,"Trinidad and Tobago",TTO,U,N,FI,P,10
2019,"Syrian Arab Rep.",SYR,"United Arab Emirates",ARE,U,N,FI,P,1517
2019,"Syrian Arab Rep.",SYR,Uganda,UGA,G,N,FI,P,5
2019,"Syrian Arab Rep.",SYR,Ukraine,UKR,G,N,FI,P,41
2019,"Syrian Arab Rep.",SYR,Ukraine,UKR,G,J,JR,P,37
2019,"Syrian Arab Rep.",SYR,Uruguay,URY,G,N,FI,P,10
2019,"Syrian Arab Rep.",SYR,"United States of America",USA,G,A,AR,P,215
2019,"Syrian Arab Rep.",SYR,"United States of America",USA,G,N,EO,P,36
2019,"Syrian Arab Rep.",SYR,"United States of America",USA,G,N,IN,C,125
2019,"Syrian Arab Rep.",SYR,Zambia,ZMB,G,N,FI,P,5
2020,"Syrian Arab Rep.",SYR,Albania,ALB,G,N,FI,P,7
2020,"Syrian Arab Rep.",SYR,Algeria,DZA,U,N,FI,P,336
2020,"Syrian Arab Rep.",SYR,Angola,AGO,G,N,FI,P,5
2020,"Syrian Arab Rep.",SYR,Argentina,ARG,G,N,FI,P,17
2020,"Syrian Arab Rep.",SYR,Armenia,ARM,G,N,FI,P,24
2020,"Syrian Arab Rep.",SYR,Australia,AUS,G,A,AR,P,5
2020,"Syrian Arab Rep.",SYR,Australia,AUS,G,N,FI,P,42
2020,"Syrian Arab Rep.",SYR,Austria,AUT,G,N,FA,P,5121
2020,"Syrian Arab Rep.",SYR,Azerbaijan,AZE,U,N,FI,P,13
2020,"Syrian Arab Rep.",SYR,Belgium,BEL,G,N,FI,P,1489
2020,"Syrian Arab Rep.",SYR,Belgium,BEL,G,R,RA,P,236
2020,"Syrian Arab Rep.",SYR,Belarus,BLR,G,N,FI,P,17
2020,"Syrian Arab Rep.",SYR,Brazil,BRA,G,N,FI,P,33
2020,"Syrian Arab Rep.",SYR,"Bosnia and Herzegovina",BIH,G,N,FI,P,10
2020,"Syrian Arab Rep.",SYR,Bulgaria,BGR,G,NR,FA,P,1089
2020,"Syrian Arab Rep.",SYR,Canada,CAN,G,N,FI,P,65
2020,"Syrian Arab Rep.",SYR,Cyprus,CYP,G,N,FI,P,1811
2020,"Syrian Arab Rep.",SYR,Czechia,CZE,G,N,FI,P,22
2020,"Syrian Arab Rep.",SYR,Denmark,DNK,G,A,AR,P,37
2020,"Syrian Arab Rep.",SYR,Denmark,DNK,G,N,FI,P,342
2020,"Syrian Arab Rep.",SYR,Ecuador,ECU,G,N,FA,P,9
2020,"Syrian Arab Rep.",SYR,Estonia,EST,G,N,FI,P,6
2020,"Syrian Arab Rep.",SYR,Ethiopia,ETH,J,N,FI,P,19
2020,"Syrian Arab Rep.",SYR,Finland,FIN,G,N,FI,P,83
2020,"Syrian Arab Rep.",SYR,France,FRA,G,A,AR,P,632
2020,"Syrian Arab Rep.",SYR,France,FRA,G,N,FI,P,2180
2020,"Syrian Arab Rep.",SYR,France,FRA,G,A,RA,P,27
2020,"Syrian Arab Rep.",SYR,France,FRA,G,R,RA,P,60
2020,"Syrian Arab Rep.",SYR,"United Kingdom of Great Britain and Northern Ireland",GBR,G,A,AR,C,18
2020,"Syrian Arab Rep.",SYR,"United Kingdom of Great Britain and Northern Ireland",GBR,G,N,FI,P,1746
2020,"Syrian Arab Rep.",SYR,"United Kingdom of Great Britain and Northern Ireland",GBR,G,R,RA,P,27
2020,"Syrian Arab Rep.",SYR,Georgia,GEO,G,N,FI,P,20
2020,"Syrian Arab Rep.",SYR,Germany,DEU,G,N,NA,P,36433
2020,"Syrian Arab Rep.",SYR,Germany,DEU,G,R,RA,P,4137
2020,"Syrian Arab Rep.",SYR,Ghana,GHA,G,N,FI,P,17
2020,"Syrian Arab Rep.",SYR,Greece,GRC,G,A,AR,P,1956
2020,"Syrian Arab Rep.",SYR,Greece,GRC,G,N,FI,P,7418
2020,"Syrian Arab Rep.",SYR,Greece,GRC,G,R,RA,P,350
2020,"Syrian Arab Rep.",SYR,Guinea,GIN,G,N,FI,P,17
2020,"Syrian Arab Rep.",SYR,Croatia,HRV,G,N,FI,P,63
2020,"Syrian Arab Rep.",SYR,Croatia,HRV,G,A,JR,P,5
2020,"Syrian Arab Rep.",SYR,Hungary,HUN,G,N,FI,P,9
2020,"Syrian Arab Rep.",SYR,Iceland,ISL,G,A,AR,P,10
2020,"Syrian Arab Rep.",SYR,Iceland,ISL,G,N,FI,P,60
2020,"Syrian Arab Rep.",SYR,"Cote d'Ivoire",CIV,G,N,FA,P,8
2020,"Syrian Arab Rep.",SYR,India,IND,U,N,FI,P,33
2020,"Syrian Arab Rep.",SYR,Indonesia,IDN,U,N,FI,P,5
2020,"Syrian Arab Rep.",SYR,Ireland,IRL,G,A,AR,P,6
2020,"Syrian Arab Rep.",SYR,Ireland,IRL,G,N,FI,P,45
2020,"Syrian Arab Rep.",SYR,Italy,ITA,G,N,FI,P,62
2020,"Syrian Arab Rep.",SYR,Kyrgyzstan,KGZ,G,N,FI,P,8
2020,"Syrian Arab Rep.",SYR,"Rep. of Korea",KOR,G,N,FA,P,19
2020,"Syrian Arab Rep.",SYR,Kuwait,KWT,U,N,FI,P,22
2020,"Syrian Arab Rep.",SYR,Liberia,LBR,G,N,FI,P,15
2020,"Syrian Arab Rep.",SYR,Libya,LBY,U,N,FI,P,2245
2020,"Syrian Arab Rep.",SYR,Lithuania,LTU,G,N,FI,P,9
2020,"Syrian Arab Rep.",SYR,Luxembourg,LUX,G,N,FI,P,305
2020,"Syrian Arab Rep.",SYR,Latvia,LVA,G,N,FI,P,12
2020,"Syrian Arab Rep.",SYR,Mauritania,MRT,U,N,FI,P,50
2020,"Syrian Arab Rep.",SYR,"North Macedonia",MKD,G,N,FA,P,23
2020,"Syrian Arab Rep.",SYR,"Rep. of Moldova",MDA,G,N,FI,P,5
2020,"Syrian Arab Rep.",SYR,Mexico,MEX,G,N,FI,P,7
2020,"Syrian Arab Rep.",SYR,Mali,MLI,G,N,FI,P,21
2020,"Syrian Arab Rep.",SYR,Malaysia,MYS,U,N,FI,P,102
2020,"Syrian Arab Rep.",SYR,Montenegro,MNE,G,N,FA,P,10
2020,"Syrian Arab Rep.",SYR,Malta,MLT,G,N,FI,P,133
2020,"Syrian Arab Rep.",SYR,Netherlands,NLD,G,N,FI,P,4022
2020,"Syrian Arab Rep.",SYR,Netherlands,NLD,G,R,RA,P,132
2020,"Syrian Arab Rep.",SYR,Niger,NER,G,N,FI,P,5
2020,"Syrian Arab Rep.",SYR,Nigeria,NGA,G,N,FI,P,137
2020,"Syrian Arab Rep.",SYR,Norway,NOR,G,A,AR,P,36
2020,"Syrian Arab Rep.",SYR,Norway,NOR,G,N,FI,P,536
2020,"Syrian Arab Rep.",SYR,Paraguay,PRY,G,N,FI,P,6
2020,"Syrian Arab Rep.",SYR,Philippines,PHL,G,N,FA,P,13
2020,"Syrian Arab Rep.",SYR,Poland,POL,G,A,AR,P,5
2020,"Syrian Arab Rep.",SYR,Poland,POL,G,N,FI,P,38
2020,"Syrian Arab Rep.",SYR,Portugal,PRT,G,N,FI,P,5
2020,"Syrian Arab Rep.",SYR,Romania,ROU,G,N,FI,P,1459
2020,"Syrian Arab Rep.",SYR,Romania,ROU,G,R,RA,P,5
2020,"Syrian Arab Rep.",SYR,"Russian Federation",RUS,G,N,FI,P,24
2020,"Syrian Arab Rep.",SYR,"Russian Federation",RUS,G,N,TA,P,194
2020,"Syrian Arab Rep.",SYR,"Saudi Arabia",SAU,U,N,FI,P,877
2020,"Syrian Arab Rep.",SYR,Somalia,SOM,U,N,FI,P,12
2020,"Syrian Arab Rep.",SYR,Spain,ESP,G,N,FI,P,400
2020,"Syrian Arab Rep.",SYR,"Serbia and Kosovo: S/RES/1244 (1999)",SRB,G,N,FI,P,670
2020,"Syrian Arab Rep.",SYR,Slovakia,SVK,G,N,FI,P,38
2020,"Syrian Arab Rep.",SYR,Slovakia,SVK,G,R,FI,P,5
2020,"Syrian Arab Rep.",SYR,Slovenia,SVN,G,N,FI,P,56
2020,"Syrian Arab Rep.",SYR,Slovenia,SVN,G,R,RA,P,5
2020,"Syrian Arab Rep.",SYR,Sweden,SWE,G,A,AR,P,647
2020,"Syrian Arab Rep.",SYR,Sweden,SWE,G,N,FI,P,1071
2020,"Syrian Arab Rep.",SYR,Sweden,SWE,G,R,RA,P,138
2020,"Syrian Arab Rep.",SYR,Switzerland,CHE,G,N,FI,P,756
2020,"Syrian Arab Rep.",SYR,Switzerland,CHE,G,R,RA,P,148
2020,"Syrian Arab Rep.",SYR,"United Rep. of Tanzania",TZA,G,N,FI,P,5
2020,"Syrian Arab Rep.",SYR,Thailand,THA,U,N,FI,P,11
2020,"Syrian Arab Rep.",SYR,Togo,TGO,G,N,FI,P,6
2020,"Syrian Arab Rep.",SYR,"Trinidad and Tobago",TTO,U,N,FI,P,8
2020,"Syrian Arab Rep.",SYR,"United Arab Emirates",ARE,U,N,FI,P,74
2020,"Syrian Arab Rep.",SYR,Uganda,UGA,G,N,FI,P,8
2020,"Syrian Arab Rep.",SYR,Ukraine,UKR,G,N,FI,P,28
2020,"Syrian Arab Rep.",SYR,Ukraine,UKR,G,J,JR,P,74
2020,"Syrian Arab Rep.",SYR,Uruguay,URY,G,N,FI,P,5
2020,"Syrian Arab Rep.",SYR,"United States of America",USA,G,A,AR,P,153
2020,"Syrian Arab Rep.",SYR,"United States of America",USA,G,N,EO,P,26
2020,"Syrian Arab Rep.",SYR,"United States of America",USA,G,N,IN,C,86
2020,"Syrian Arab Rep.",SYR,"Venezuela (Bolivarian Republic of)",VEN,G,N,FI,P,29
2020,"Syrian Arab Rep.",SYR,Yemen,YEM,U,N,FI,P,12
2020,"Syrian Arab Rep.",SYR,Zambia,ZMB,G,N,FI,P,5
2021,"Syrian Arab Rep.",SYR,Albania,ALB,G,N,FI,P,5
2021,"Syrian Arab Rep.",SYR,Algeria,DZA,U,N,FI,P,224
2021,"Syrian Arab Rep.",SYR,Argentina,ARG,G,N,FI,P,6
2021,"Syrian Arab Rep.",SYR,Armenia,ARM,G,N,FI,P,20
2021,"Syrian Arab Rep.",SYR,Australia,AUS,G,N,FI,P,18
2021,"Syrian Arab Rep.",SYR,Austria,AUT,G,N,FA,P,4471
2021,"Syrian Arab Rep.",SYR,Bahrain,BHR,U,N,FI,P,5
2021,"Syrian Arab Rep.",SYR,Belgium,BEL,G,A,AR,P,130
2021,"Syrian Arab Rep.",SYR,Belgium,BEL,G,N,FI,P,971
2021,"Syrian Arab Rep.",SYR,Belgium,BEL,G,R,RA,P,87
2021,"Syrian Arab Rep.",SYR,Brazil,BRA,G,N,FI,P,24
2021,"Syrian Arab Rep.",SYR,Bulgaria,BGR,G,NR,FA,P,848
2021,"Syrian Arab Rep.",SYR,Canada,CAN,G,N,FI,P,67
2021,"Syrian Arab Rep.",SYR,"Dem. Rep. of the Congo",COD,G,N,FI,P,5
2021,"Syrian Arab Rep.",SYR,Colombia,COL,G,N,FI,P,5
2021,"Syrian Arab Rep.",SYR,"Costa Rica",CRI,G,N,FI,P,5
2021,"Syrian Arab Rep.",SYR,Cyprus,CYP,G,N,FI,P,1416
2021,"Syrian Arab Rep.",SYR,Cyprus,CYP,G,R,FI,P,20
2021,"Syrian Arab Rep.",SYR,Cyprus,CYP,G,N,JR,C,5
2021,"Syrian Arab Rep.",SYR,Czechia,CZE,G,N,FI,P,16
2021,"Syrian Arab Rep.",SYR,Czechia,CZE,G,R,RA,P,5
2021,"Syrian Arab Rep.",SYR,Denmark,DNK,G,A,AR,P,29
2021,"Syrian Arab Rep.",SYR,Denmark,DNK,G,N,FI,P,128
2021,"Syrian Arab Rep.",SYR,Ecuador,ECU,G,N,FA,P,5
2021,"Syrian Arab Rep.",SYR,Ethiopia,ETH,J,N,FI,P,76
2021,"Syrian Arab Rep.",SYR,Finland,FIN,G,N,FI,P,24
2021,"Syrian Arab Rep.",SYR,France,FRA,G,A,AR,P,408
2021,"Syrian Arab Rep.",SYR,France,FRA,G,N,FI,P,812
2021,"Syrian Arab Rep.",SYR,France,FRA,G,A,RA,P,21
2021,"Syrian Arab Rep.",SYR,France,FRA,G,R,RA,P,84
2021,"Syrian Arab Rep.",SYR,"United Kingdom of Great Britain and Northern Ireland",GBR,G,A,AR,C,5
2021,"Syrian Arab Rep.",SYR,"United Kingdom of Great Britain and Northern Ireland",GBR,G,N,FI,P,1061
2021,"Syrian Arab Rep.",SYR,"United Kingdom of Great Britain and Northern Ireland",GBR,G,R,RA,P,15
2021,"Syrian Arab Rep.",SYR,Georgia,GEO,G,N,FI,P,9
2021,"Syrian Arab Rep.",SYR,Germany,DEU,G,J,JR,P,9247
2021,"Syrian Arab Rep.",SYR,Germany,DEU,G,N,NA,P,26454
2021,"Syrian Arab Rep.",SYR,Germany,DEU,G,R,RA,P,14451
2021,"Syrian Arab Rep.",SYR,Ghana,GHA,G,N,FI,P,5
2021,"Syrian Arab Rep.",SYR,Greece,GRC,G,A,AR,P,672
2021,"Syrian Arab Rep.",SYR,Greece,GRC,G,N,FI,P,1368
2021,"Syrian Arab Rep.",SYR,Greece,GRC,G,R,RA,P,527
2021,"Syrian Arab Rep.",SYR,Croatia,HRV,G,N,FI,P,44
2021,"Syrian Arab Rep.",SYR,Iceland,ISL,G,A,AR,P,12
2021,"Syrian Arab Rep.",SYR,Iceland,ISL,G,N,FI,P,26
2021,"Syrian Arab Rep.",SYR,India,IND,U,N,FI,P,7
2021,"Syrian Arab Rep.",SYR,Ireland,IRL,G,N,FI,P,8
2021,"Syrian Arab Rep.",SYR,Italy,ITA,G,N,FI,P,44
2021,"Syrian Arab Rep.",SYR,"Rep. of Korea",KOR,G,N,FA,P,11
2021,"Syrian Arab Rep.",SYR,Kuwait,KWT,U,N,FI,P,55
2021,"Syrian Arab Rep.",SYR,Liberia,LBR,G,N,FI,P,6
2021,"Syrian Arab Rep.",SYR,Libya,LBY,U,N,FI,P,2278
2021,"Syrian Arab Rep.",SYR,Lithuania,LTU,G,N,FI,P,44
2021,"Syrian Arab Rep.",SYR,Luxembourg,LUX,G,N,FI,P,190
2021,"Syrian Arab Rep.",SYR,Mauritania,MRT,U,N,FI,P,42
2021,"Syrian Arab Rep.",SYR,Mexico,MEX,G,N,FI,P,16
2021,"Syrian Arab Rep.",SYR,Malaysia,MYS,U,N,FI,P,40
2021,"Syrian Arab Rep.",SYR,Malta,MLT,G,N,FI,P,77
2021,"Syrian Arab Rep.",SYR,Netherlands,NLD,G,N,FI,P,1857
2021,"Syrian Arab Rep.",SYR,Netherlands,NLD,G,R,RA,P,108
2021,"Syrian Arab Rep.",SYR,Nigeria,NGA,G,N,FI,P,173
2021,"Syrian Arab Rep.",SYR,Norway,NOR,G,A,AR,P,28
2021,"Syrian Arab Rep.",SYR,Norway,NOR,G,N,FI,P,198
2021,"Syrian Arab Rep.",SYR,Philippines,PHL,G,N,FA,P,7
2021,"Syrian Arab Rep.",SYR,Poland,POL,G,N,FI,P,20
2021,"Syrian Arab Rep.",SYR,Romania,ROU,G,N,FI,P,759
2021,"Syrian Arab Rep.",SYR,Romania,ROU,G,R,RA,P,8
2021,"Syrian Arab Rep.",SYR,"Russian Federation",RUS,G,N,FI,P,14
2021,"Syrian Arab Rep.",SYR,"Russian Federation",RUS,G,N,TA,P,83
2021,"Syrian Arab Rep.",SYR,"Saudi Arabia",SAU,U,N,FI,P,591
2021,"Syrian Arab Rep.",SYR,Somalia,SOM,U,N,FI,P,30
2021,"Syrian Arab Rep.",SYR,Spain,ESP,G,N,FI,P,113
2021,"Syrian Arab Rep.",SYR,"Serbia and Kosovo: S/RES/1244 (1999)",SRB,G,N,FI,P,50
2021,"Syrian Arab Rep.",SYR,Slovakia,SVK,G,N,FI,P,7
2021,"Syrian Arab Rep.",SYR,Slovenia,SVN,G,N,FI,P,54
2021,"Syrian Arab Rep.",SYR,Sweden,SWE,G,A,AR,P,163
2021,"Syrian Arab Rep.",SYR,Sweden,SWE,G,N,FI,P,420
2021,"Syrian Arab Rep.",SYR,Sweden,SWE,G,R,RA,P,71
2021,"Syrian Arab Rep.",SYR,Switzerland,CHE,G,N,FI,P,382
2021,"Syrian Arab Rep.",SYR,Switzerland,CHE,G,R,RA,P,57
2021,"Syrian Arab Rep.",SYR,Thailand,THA,U,N,FI,P,5
2021,"Syrian Arab Rep.",SYR,"United Arab Emirates",ARE,U,N,FI,P,13
2021,"Syrian Arab Rep.",SYR,Ukraine,UKR,G,N,FI,P,19
2021,"Syrian Arab Rep.",SYR,Ukraine,UKR,G,J,JR,P,37
2021,"Syrian Arab Rep.",SYR,"United States of America",USA,G,A,AR,P,59
2021,"Syrian Arab Rep.",SYR,"United States of America",USA,G,N,EO,P,7
2021,"Syrian Arab Rep.",SYR,"United States of America",USA,G,N,IN,P,32
2021,"Syrian Arab Rep.",SYR,Zambia,ZMB,G,N,FI,P,5
